post_id,title,slug,status,url,recipe_id,hr_score,type_guess,priority,needs_work_score,has_sections,has_verified_process,has_full_markdown,has_image,source_status,country_hits,region_hits,product_hits,dossier_hints
2075,"Vrgorački kulen iz zaboravljenih recepata",vrgoracki-kulen-iz-zaboravljenih-recepata,publish,https://drycured.com/recepti-baza/vrgoracki-kulen-iz-zaboravljenih-recepata/,MD-VRGORACKI_KULEN_IZ_ZABORAVLJENIH_RECEPATA,19,THERMAL_PROCESSED,HIGH_PUBLIC_NEEDS_STRUCTURE,9,no,no,yes,no,,hrvatska,"vrgorac; vrgorački","kulen; vrgorački kulen",
2631,"Rovinjska Kobasica",rovinjska-kobasica,publish,https://drycured.com/recepti-baza/rovinjska-kobasica/,MD-ROVINJSKA_KOBASICA,18,FISH_OR_SEAFOOD,HIGH_PUBLIC_NEEDS_STRUCTURE,9,no,no,yes,no,,hrvatska,"istra; rovinj; rovinjska","rovinjska kobasica",
2101,"Vinkovački Slavonski Kulen - Stara obiteljska receptura",vinkovacki-slavonski-kulen-stara-obiteljska-receptura,publish,https://drycured.com/recepti-baza/vinkovacki-slavonski-kulen-stara-obiteljska-receptura/,MD-VINKOVACKI_SLAVONSKI_KULEN_STARA_OBITELJSKA_RECEPTURA,16,FISH_OR_SEAFOOD,HIGH_PUBLIC_NEEDS_STRUCTURE,9,no,no,yes,no,,hrvatska,slavonski,"slavonski kulen; kulen",
3121,"Istarski Morski Pršut ""Neptunov Dar""",istarski-morski-prsut-neptunov-dar,publish,https://drycured.com/recepti-baza/istarski-morski-prsut-neptunov-dar/,MD-ISTARSKI_MORSKI_PRSUT_NEPTUNOV_DAR,14,FISH_OR_SEAFOOD,HIGH_PUBLIC_NEEDS_STRUCTURE,9,no,no,yes,no,,hrvatska,"istra; istarski; lika",,
2042,"BALMOȘ CU SLANINĂ (PALENTA SA SLANINOM)",balmos-cu-slanina-palenta-sa-slaninom,publish,https://drycured.com/recepti-baza/balmos-cu-slanina-palenta-sa-slaninom/,MD-BALMO_CU_SLANIN_PALENTA_SA_SLANINOM,12,FISH_OR_SEAFOOD,HIGH_PUBLIC_NEEDS_STRUCTURE,9,no,no,yes,no,,hrvatska,lika,slanina,
2062,"PANCETTA ARROTOLATA - ROLANA PANCETA",pancetta-arrotolata-rolana-panceta,publish,https://drycured.com/recepti-baza/pancetta-arrotolata-rolana-panceta/,MD-PANCETTA_ARROTOLATA_ROLANA_PANCETA,12,FISH_OR_SEAFOOD,HIGH_PUBLIC_NEEDS_STRUCTURE,9,no,no,yes,no,,hrvatska,lika,panceta,
2076,"Senjska Morska Panceta ""Bura Intenzitet""",senjska-morska-panceta-bura-intenzitet,publish,https://drycured.com/recepti-baza/senjska-morska-panceta-bura-intenzitet/,MD-SENJSKA_MORSKA_PANCETA_BURA_INTENZITET,12,FISH_OR_SEAFOOD,HIGH_PUBLIC_NEEDS_STRUCTURE,9,no,no,yes,no,,hrvatska,lika,panceta,
2092,"Crikvenička Panceta",crikvenicka-panceta,publish,https://drycured.com/recepti-baza/crikvenicka-panceta/,MD-CRIKVENICKA_PANCETA,12,FISH_OR_SEAFOOD,HIGH_PUBLIC_NEEDS_STRUCTURE,9,no,no,yes,no,,hrvatska,lika,panceta,
2464,"StarohrvatskiMore-Kopno Salamet (Salama Maritima)",starohrvatskimore-kopno-salamet-salama-maritima,publish,https://drycured.com/recepti-baza/starohrvatskimore-kopno-salamet-salama-maritima/,MD-STAROHRVATSKIMORE_KOPNO_SALAMET_SALAMA_MARITIMA,12,FISH_OR_SEAFOOD,HIGH_PUBLIC_NEEDS_STRUCTURE,9,no,no,yes,no,,hrvatski,istra,kulen,
2697,"Baranjska Ljuta Slavonska Kobasica",baranjska-ljuta-slavonska-kobasica,publish,https://drycured.com/recepti-baza/baranjska-ljuta-slavonska-kobasica/,MD-BARANJSKA_LJUTA_SLAVONSKA_KOBASICA,12,FISH_OR_SEAFOOD,HIGH_PUBLIC_NEEDS_STRUCTURE,9,no,no,yes,no,,hrvatska,slavonska,"slavonska kobasica",
2698,"Slavonska Domaća Suhomesnata Salama",slavonska-domaca-suhomesnata-salama,publish,https://drycured.com/recepti-baza/slavonska-domaca-suhomesnata-salama/,MD-SLAVONSKA_DOMACA_SUHOMESNATA_SALAMA,12,FISH_OR_SEAFOOD,HIGH_PUBLIC_NEEDS_STRUCTURE,9,no,no,yes,no,,hrvatska,slavonska,kulen,
2717,"Savinjski želodec (Savinjski želudac)",savinjski-zelodec-savinjski-zeludac,publish,https://drycured.com/recepti-baza/savinjski-zelodec-savinjski-zeludac/,MD-SAVINJSKI_ZELODEC_SAVINJSKI_ZELUDAC,12,THERMAL_PROCESSED,HIGH_PUBLIC_NEEDS_STRUCTURE,9,no,no,yes,no,,hrvatska,lika,slanina,
3223,"Etnografska studija kulinarskog naslijeđa",etnografska-studija-kulinarskog-naslijea,publish,https://drycured.com/recepti-baza/etnografska-studija-kulinarskog-naslijea/,MD-ETNOGRAFSKA_STUDIJA_KULINARSKOG_NASLIJEDA,12,THERMAL_PROCESSED,HIGH_PUBLIC_NEEDS_STRUCTURE,9,no,no,yes,no,,hrvatska,slavonija,kulen,
3236,"Pečena salamurena slanina s toplim dimom",pe-ena-salamurena-slanina-s-toplim-dimom,publish,https://drycured.com/recepti-baza/pe-ena-salamurena-slanina-s-toplim-dimom/,NEW-PECENA-SALAMURENA-SLANINA,12,THERMAL_PROCESSED,HIGH_PUBLIC_NEEDS_STRUCTURE,9,no,no,yes,no,,hrvatska,lika,slanina,
2110,"Crnogorska Slanina (Durmitorska panćeta)",crnogorska-slanina-durmitorska-panceta,publish,https://drycured.com/recepti-baza/crnogorska-slanina-durmitorska-panceta/,MD-CRNOGORSKA_SLANINA_DURMITORSKA_PANCETA,11,FISH_OR_SEAFOOD,HIGH_PUBLIC_NEEDS_STRUCTURE,9,no,no,yes,no,,,lika,"panceta; slanina",
2781,"Esencijalni slavonski sušeni vrat s divljim začinima",esencijalni-slavonski-suseni-vrat-s-divljim-zacinima,publish,https://drycured.com/recepti-baza/esencijalni-slavonski-suseni-vrat-s-divljim-zacinima/,MD-ESENCIJALNI_SLAVONSKI_SUSENI_VRAT_S_DIVLJIM_ZACINIMA,10,THERMAL_PROCESSED,HIGH_PUBLIC_NEEDS_STRUCTURE,9,no,no,yes,no,,,"slavonski; lika","sušeni vrat",
2043,"PFÄLZER SAUMAGEN (FALAČKA SVINJSKA ŽELUDAC-KOBASICA)",pfalzer-saumagen-falacka-svinjska-zeludac-kobasica,publish,https://drycured.com/recepti-baza/pfalzer-saumagen-falacka-svinjska-zeludac-kobasica/,MD-PFALZER_SAUMAGEN_FALACKA_SVINJSKA_ZELUDAC_KOBASICA,9,THERMAL_PROCESSED,HIGH_PUBLIC_NEEDS_STRUCTURE,9,no,no,yes,no,,hrvatska,,slanina,
2100,"Miholjačka Začinska Salama",miholjacka-zacinska-salama,publish,https://drycured.com/recepti-baza/miholjacka-zacinska-salama/,MD-MIHOLJACKA_ZACINSKA_SALAMA,9,THERMAL_PROCESSED,HIGH_PUBLIC_NEEDS_STRUCTURE,9,no,no,yes,no,,hrvatska,,kulen,
2108,"Tolminska salama",tolminska-salama,publish,https://drycured.com/recepti-baza/tolminska-salama/,MD-TOLMINSKA_SALAMA,9,THERMAL_PROCESSED,HIGH_PUBLIC_NEEDS_STRUCTURE,9,no,no,yes,no,,hrvatska,,kulen,
2549,"Suxhuk me Spec (Sudžuk s paprikom)",suxhuk-me-spec-sudzuk-s-paprikom,publish,https://drycured.com/recepti-baza/suxhuk-me-spec-sudzuk-s-paprikom/,MD-SUXHUK_ME_SPEC_SUDZUK_S_PAPRIKOM,9,THERMAL_PROCESSED,HIGH_PUBLIC_NEEDS_STRUCTURE,9,no,no,yes,no,,hrvatska,,kulen,
2624,"Paio Alentejano (Alentejanska kobasica)",paio-alentejano-alentejanska-kobasica,publish,https://drycured.com/recepti-baza/paio-alentejano-alentejanska-kobasica/,MD-PAIO_ALENTEJANO_ALENTEJANSKA_KOBASICA,9,FISH_OR_SEAFOOD,HIGH_PUBLIC_NEEDS_STRUCTURE,9,no,no,yes,no,,hrvatska,,kulen,
2664,"BABIC (Tradicionalna babić kobasica)",babic-tradicionalna-babic-kobasica,publish,https://drycured.com/recepti-baza/babic-tradicionalna-babic-kobasica/,MD-BABIC_TRADICIONALNA_BABIC_KOBASICA,9,FISH_OR_SEAFOOD,HIGH_PUBLIC_NEEDS_STRUCTURE,9,no,no,yes,no,,hrvatska,,kulen,
3162,"Ossenworst (Goveđa sirova kobasica)",ossenworst-govea-sirova-kobasica,publish,https://drycured.com/recepti-baza/ossenworst-govea-sirova-kobasica/,MD-OSSENWORST_GOVEDA_SIROVA_KOBASICA,9,THERMAL_PROCESSED,HIGH_PUBLIC_NEEDS_STRUCTURE,9,no,no,yes,no,,hrvatska,,kulen,
3229,"Domašnja Kovbasa (Домашня ковбаса) - Domaća kobasica",domasnja-kovbasa-domaca-kobasica,publish,https://drycured.com/recepti-baza/domasnja-kovbasa-domaca-kobasica/,MD-DOMASNJA_KOVBASA_DOMACA_KOBASICA,9,FISH_OR_SEAFOOD,HIGH_PUBLIC_NEEDS_STRUCTURE,9,no,no,yes,no,,hrvatska,,"domaća kobasica",
3233,"Češnjovke 1.2021 – domaća varijanta",e-njovke-1-2021-doma-a-varijanta,publish,https://drycured.com/recepti-baza/e-njovke-1-2021-doma-a-varijanta/,NEW-CESNJOVKE-2021,9,THERMAL_PROCESSED,HIGH_PUBLIC_NEEDS_STRUCTURE,9,no,no,yes,no,,hrvatska,,slanina,
3234,"Kranjska 1.2021 – domaća varijanta",kranjska-1-2021-doma-a-varijanta,publish,https://drycured.com/recepti-baza/kranjska-1-2021-doma-a-varijanta/,NEW-KRANJSKA-2021,9,THERMAL_PROCESSED,HIGH_PUBLIC_NEEDS_STRUCTURE,9,no,no,yes,no,,hrvatska,,slanina,
2106,"Gorenjska zaseka",gorenjska-zaseka,publish,https://drycured.com/recepti-baza/gorenjska-zaseka/,MD-GORENJSKA_ZASEKA,8,THERMAL_PROCESSED,HIGH_PUBLIC_NEEDS_STRUCTURE,9,no,no,yes,no,,hrvatska,lika,,
2474,"Tradicionalna engleska šunka (Wiltshire Ham)",tradicionalna-engleska-sunka-wiltshire-ham,publish,https://drycured.com/recepti-baza/tradicionalna-engleska-sunka-wiltshire-ham/,MD-TRADICIONALNA_ENGLESKA_SUNKA_WILTSHIRE_HAM,8,THERMAL_PROCESSED,HIGH_PUBLIC_NEEDS_STRUCTURE,9,no,no,yes,no,,hrvatska,lika,,
2530,"Irska šunka u pivu (Beer-Cured Ham)",irska-sunka-u-pivu-beer-cured-ham,publish,https://drycured.com/recepti-baza/irska-sunka-u-pivu-beer-cured-ham/,MD-IRSKA_SUNKA_U_PIVU_BEER_CURED_HAM,8,FISH_OR_SEAFOOD,HIGH_PUBLIC_NEEDS_STRUCTURE,9,no,no,yes,no,,hrvatska,lika,,
2598,"SPEKESKINKE (NORŠKA PRŠUTA)",spekeskinke-norska-prsuta,publish,https://drycured.com/recepti-baza/spekeskinke-norska-prsuta/,MD-SPEKESKINKE_NORSKA_PRSUTA,8,FISH_OR_SEAFOOD,HIGH_PUBLIC_NEEDS_STRUCTURE,9,no,no,yes,no,,hrvatska,lika,,
2603,"Vinkovački Aromatični Začinski Špek",vinkovacki-aromaticni-zacinski-spek,publish,https://drycured.com/recepti-baza/vinkovacki-aromaticni-zacinski-spek/,MD-VINKOVACKI_AROMATICNI_ZACINSKI_SPEK,8,FISH_OR_SEAFOOD,HIGH_PUBLIC_NEEDS_STRUCTURE,9,no,no,yes,no,,hrvatska,lika,,
2633,"Senjska Šunka",senjska-sunka,publish,https://drycured.com/recepti-baza/senjska-sunka/,MD-SENJSKA_SUNKA,8,FISH_OR_SEAFOOD,HIGH_PUBLIC_NEEDS_STRUCTURE,9,no,no,yes,no,,hrvatska,lika,,
2693,"Osječki Začinski Špek",osjecki-zacinski-spek,publish,https://drycured.com/recepti-baza/osjecki-zacinski-spek/,MD-OSJECKI_ZACINSKI_SPEK,8,FISH_OR_SEAFOOD,HIGH_PUBLIC_NEEDS_STRUCTURE,9,no,no,yes,no,,hrvatska,lika,,
2702,"Baranjski Začinski Špek s Pustara Začinima",baranjski-zacinski-spek-s-pustara-zacinima,publish,https://drycured.com/recepti-baza/baranjski-zacinski-spek-s-pustara-zacinima/,MD-BARANJSKI_ZACINSKI_SPEK_S_PUSTARA_ZACINIMA,8,FISH_OR_SEAFOOD,HIGH_PUBLIC_NEEDS_STRUCTURE,9,no,no,yes,no,,hrvatska,lika,,
2704,"Osječko-Baranjski Ljuti Špek s Divljim Travama",osjecko-baranjski-ljuti-spek-s-divljim-travama,publish,https://drycured.com/recepti-baza/osjecko-baranjski-ljuti-spek-s-divljim-travama/,MD-OSJECKO_BARANJSKI_LJUTI_SPEK_S_DIVLJIM_TRAVAMA,8,THERMAL_PROCESSED,HIGH_PUBLIC_NEEDS_STRUCTURE,9,no,no,yes,no,,hrvatska,lika,,
3122,"Potted Beef (konzervirano goveđe meso)",potted-beef-konzervirano-govee-meso,publish,https://drycured.com/recepti-baza/potted-beef-konzervirano-govee-meso/,MD-POTTED_BEEF_KONZERVIRANO_GOVEDE_MESO,8,FISH_OR_SEAFOOD,HIGH_PUBLIC_NEEDS_STRUCTURE,9,no,no,yes,no,,hrvatska,lika,,
3163,"MOSTBRÖCKLI (ALPSKA SUŠENA GOVEDINA)",mostbrockli-alpska-susena-govedina,publish,https://drycured.com/recepti-baza/mostbrockli-alpska-susena-govedina/,MD-MOSTBROCKLI_ALPSKA_SUSENA_GOVEDINA,8,THERMAL_PROCESSED,HIGH_PUBLIC_NEEDS_STRUCTURE,9,no,no,yes,no,,hrvatska,lika,,
3164,"HOLSTEINER KATENSCHINKEN (HOLŠTAJNSKA DIMLJENA ŠUNKA)",holsteiner-katenschinken-holstajnska-dimljena-sunka,publish,https://drycured.com/recepti-baza/holsteiner-katenschinken-holstajnska-dimljena-sunka/,MD-HOLSTEINER_KATENSCHINKEN_HOLSTAJNSKA_DIMLJENA_SUNKA,8,THERMAL_PROCESSED,HIGH_PUBLIC_NEEDS_STRUCTURE,9,no,no,yes,no,,hrvatska,lika,,
3172,"ELGKJØTT SPEKEMAT (SUHO MESO LOSA)",elgkjtt-spekemat-suho-meso-losa,publish,https://drycured.com/recepti-baza/elgkjtt-spekemat-suho-meso-losa/,MD-ELGKJ_TT_SPEKEMAT_SUHO_MESO_LOSA,8,FISH_OR_SEAFOOD,HIGH_PUBLIC_NEEDS_STRUCTURE,9,no,no,yes,no,,hrvatska,lika,,
3232,"Solonina (Солонина) - Salamurena govedina",solonina-salamurena-govedina,publish,https://drycured.com/recepti-baza/solonina-salamurena-govedina/,MD-SOLONINA_SALAMURENA_GOVEDINA,8,THERMAL_PROCESSED,HIGH_PUBLIC_NEEDS_STRUCTURE,9,no,no,yes,no,,hrvatska,lika,,
2047,"Domaći Bratwurst",domaci-bratwurst,publish,https://drycured.com/recepti-baza/domaci-bratwurst/,MD-DOMACI_BRATWURST,7,THERMAL_PROCESSED,HIGH_PUBLIC_NEEDS_STRUCTURE,9,no,no,yes,no,,,lika,slanina,
2056,"Nduja Calabrese - Kalabrijska Nduja",nduja-calabrese-kalabrijska-nduja,publish,https://drycured.com/recepti-baza/nduja-calabrese-kalabrijska-nduja/,MD-NDUJA_CALABRESE_KALABRIJSKA_NDUJA,7,FISH_OR_SEAFOOD,HIGH_PUBLIC_NEEDS_STRUCTURE,9,no,no,yes,no,,,lika,slanina,
2086,"Prekomurska Slaninska Rolada ""Trnčova""",prekomurska-slaninska-rolada-trncova,publish,https://drycured.com/recepti-baza/prekomurska-slaninska-rolada-trncova/,MD-PREKOMURSKA_SLANINSKA_ROLADA_TRNCOVA,7,THERMAL_PROCESSED,HIGH_PUBLIC_NEEDS_STRUCTURE,9,no,no,yes,no,,,lika,slanina,
2096,"SLĂNINĂ AFUMATĂ (Dimljena slanina)",slanina-afumata-dimljena-slanina,publish,https://drycured.com/recepti-baza/slanina-afumata-dimljena-slanina/,MD-SL_NIN_AFUMAT_DIMLJENA_SLANINA,7,FISH_OR_SEAFOOD,HIGH_PUBLIC_NEEDS_STRUCTURE,9,no,no,yes,no,,,lika,slanina,
2102,"Slovačka slanina (Slovenská slanina)",slovacka-slanina-slovenska-slanina,publish,https://drycured.com/recepti-baza/slovacka-slanina-slovenska-slanina/,MD-SLOVACKA_SLANINA_SLOVENSKA_SLANINA,7,THERMAL_PROCESSED,HIGH_PUBLIC_NEEDS_STRUCTURE,9,no,no,yes,no,,,lika,slanina,
2107,"Vipavska panceta",vipavska-panceta,publish,https://drycured.com/recepti-baza/vipavska-panceta/,MD-VIPAVSKA_PANCETA,7,FISH_OR_SEAFOOD,HIGH_PUBLIC_NEEDS_STRUCTURE,9,no,no,yes,no,,,lika,panceta,
2525,"Dulse and Yellowman Bacon (Slanina s morskom travom)",dulse-and-yellowman-bacon-slanina-s-morskom-travom,publish,https://drycured.com/recepti-baza/dulse-and-yellowman-bacon-slanina-s-morskom-travom/,MD-DULSE_AND_YELLOWMAN_BACON_SLANINA_S_MORSKOM_TRAVOM,7,FISH_OR_SEAFOOD,HIGH_PUBLIC_NEEDS_STRUCTURE,9,no,no,yes,no,,,lika,slanina,
2555,"Lašiniai (litavska slanina)",lasiniai-litavska-slanina,publish,https://drycured.com/recepti-baza/lasiniai-litavska-slanina/,MD-LASINIAI_LITAVSKA_SLANINA,7,THERMAL_PROCESSED,HIGH_PUBLIC_NEEDS_STRUCTURE,9,no,no,yes,no,,,lika,slanina,
2579,"Spekdikken (Slanina s medom)",spekdikken-slanina-s-medom,publish,https://drycured.com/recepti-baza/spekdikken-slanina-s-medom/,MD-SPEKDIKKEN_SLANINA_S_MEDOM,7,THERMAL_PROCESSED,HIGH_PUBLIC_NEEDS_STRUCTURE,9,no,no,yes,no,,,lika,slanina,
2606,"Požeški Aromatični Sušeni Vrat s Divljim Travkama",pozeski-aromaticni-suseni-vrat-s-divljim-travkama,publish,https://drycured.com/recepti-baza/pozeski-aromaticni-suseni-vrat-s-divljim-travkama/,MD-POZESKI_AROMATICNI_SUSENI_VRAT_S_DIVLJIM_TRAVKAMA,7,THERMAL_PROCESSED,HIGH_PUBLIC_NEEDS_STRUCTURE,9,no,no,yes,no,,,lika,"sušeni vrat",
2621,"BOCZEK WĘDZONY (DIMLJENA SLANINA)",boczek-wedzony-dimljena-slanina,publish,https://drycured.com/recepti-baza/boczek-wedzony-dimljena-slanina/,MD-BOCZEK_W_DZONY_DIMLJENA_SLANINA,7,THERMAL_PROCESSED,HIGH_PUBLIC_NEEDS_STRUCTURE,9,no,no,yes,no,,,lika,slanina,
2736,"GLARNER KALBERWURST (TELEĆA KOBASICA IZ GLARUSA)",glarner-kalberwurst-teleca-kobasica-iz-glarusa,publish,https://drycured.com/recepti-baza/glarner-kalberwurst-teleca-kobasica-iz-glarusa/,MD-GLARNER_KALBERWURST_TELECA_KOBASICA_IZ_GLARUSA,7,FISH_OR_SEAFOOD,HIGH_PUBLIC_NEEDS_STRUCTURE,9,no,no,yes,no,,,banija,kulen,
3154,"Lašiniai (Tradicionalna litavska slanina)",lasiniai-tradicionalna-litavska-slanina,publish,https://drycured.com/recepti-baza/lasiniai-tradicionalna-litavska-slanina/,MD-LASINIAI_TRADICIONALNA_LITAVSKA_SLANINA,7,THERMAL_PROCESSED,HIGH_PUBLIC_NEEDS_STRUCTURE,9,no,no,yes,no,,,lika,slanina,
3158,"Mađarska Slanina (Szalonna)",maarska-slanina-szalonna,publish,https://drycured.com/recepti-baza/maarska-slanina-szalonna/,MD-MADARSKA_SLANINA_SZALONNA,7,THERMAL_PROCESSED,HIGH_PUBLIC_NEEDS_STRUCTURE,9,no,no,yes,no,,,lika,slanina,
3206,"Basturma (Бастурма - Začinjeno sušeno goveđe meso)",basturma-zacinjeno-suseno-govee-meso,publish,https://drycured.com/recepti-baza/basturma-zacinjeno-suseno-govee-meso/,MD-BASTURMA_ZACINJENO_SUSENO_GOVEDE_MESO,7,THERMAL_PROCESSED,HIGH_PUBLIC_NEEDS_STRUCTURE,9,no,no,yes,no,,,lika,pečenica,
3228,"Salo (Сало) - Ukrajinska slanina",salo-ukrajinska-slanina,publish,https://drycured.com/recepti-baza/salo-ukrajinska-slanina/,MD-SALO_UKRAJINSKA_SLANINA,7,FISH_OR_SEAFOOD,HIGH_PUBLIC_NEEDS_STRUCTURE,9,no,no,yes,no,,,lika,slanina,
2353,"Pastërma (Albansko suho meso)",pasterma-albansko-suho-meso,publish,https://drycured.com/recepti-baza/pasterma-albansko-suho-meso/,MD-PASTERMA_ALBANSKO_SUHO_MESO,6,THERMAL_PROCESSED,HIGH_PUBLIC_NEEDS_STRUCTURE,9,no,no,yes,no,,,"lika; banija",,
2355,"Proshuta Shqiptare – albanska pršuta",proshuta-shqiptare-albanska-prsuta,publish,https://drycured.com/recepti-baza/proshuta-shqiptare-albanska-prsuta/,MD-PROSHUTA_SHQIPTARE_ALBANSKA_PRSUTA,6,THERMAL_PROCESSED,HIGH_PUBLIC_NEEDS_STRUCTURE,9,no,no,yes,no,,,"lika; banija",,
2445,"Hvarski stolen (zaboravljena delicija)",hvarski-stolen-zaboravljena-delicija,publish,https://drycured.com/recepti-baza/hvarski-stolen-zaboravljena-delicija/,MD-HVARSKI_STOLEN_ZABORAVLJENA_DELICIJA,6,FISH_OR_SEAFOOD,HIGH_PUBLIC_NEEDS_STRUCTURE,9,no,no,yes,no,,,"lika; hvar",,
2466,"Kvarnerski Divovski Salamet",kvarnerski-divovski-salamet,publish,https://drycured.com/recepti-baza/kvarnerski-divovski-salamet/,MD-KVARNERSKI_DIVOVSKI_SALAMET,6,FISH_OR_SEAFOOD,HIGH_PUBLIC_NEEDS_STRUCTURE,9,no,no,yes,no,,,"lika; kvarner",,
2779,"Slavonski cviček (suhomesnati narez)",slavonski-cvicek-suhomesnati-narez,publish,https://drycured.com/recepti-baza/slavonski-cvicek-suhomesnati-narez/,MD-SLAVONSKI_CVICEK_SUHOMESNATI_NAREZ,6,THERMAL_PROCESSED,HIGH_PUBLIC_NEEDS_STRUCTURE,9,no,no,yes,no,,,"slavonski; lika",,
2780,"Slavonski pikantni vrat",slavonski-pikantni-vrat,publish,https://drycured.com/recepti-baza/slavonski-pikantni-vrat/,MD-SLAVONSKI_PIKANTNI_VRAT,6,THERMAL_PROCESSED,HIGH_PUBLIC_NEEDS_STRUCTURE,9,no,no,yes,no,,,"slavonski; lika",,
3156,"Lički Planinarski Navršak",licki-planinarski-navrsak,publish,https://drycured.com/recepti-baza/licki-planinarski-navrsak/,MD-LICKI_PLANINARSKI_NAVRSAK,6,THERMAL_PROCESSED,HIGH_PUBLIC_NEEDS_STRUCTURE,9,no,no,yes,no,,,"lika; lički",,
3200,"Podravski ""Zaboravljeni Vrbovec""",podravski-zaboravljeni-vrbovec,publish,https://drycured.com/recepti-baza/podravski-zaboravljeni-vrbovec/,MD-PODRAVSKI_ZABORAVLJENI_VRBOVEC,6,FISH_OR_SEAFOOD,HIGH_PUBLIC_NEEDS_STRUCTURE,9,no,no,yes,no,,,"lika; podravski",,
3028,"ZUGER HIRSCHTROCKENWURST (KOBASICA OD JELENA IZ ZUGA)",zuger-hirschtrockenwurst-kobasica-od-jelena-iz-zuga-2,publish,https://drycured.com/recepti-baza/zuger-hirschtrockenwurst-kobasica-od-jelena-iz-zuga-2/,MD-ZUGER_HIRSCHTROCKENWURST_KOBASICA_OD_JELENA_IZ_ZUGA,11,FISH_OR_SEAFOOD,HIGH_PUBLIC_NEEDS_STRUCTURE,6,yes,no,yes,no,,,istra,"kulen; slanina",
3029,"Tiroler Speck – tirolski sušeni dimljeni svinjski but",tiroler-speck-tirolska-slanina-2,publish,https://drycured.com/recepti-baza/tiroler-speck-tirolska-slanina-2/,MD-TIROLER_SPECK_TIROLSKA_SLANINA,7,THERMAL_PROCESSED,HIGH_PUBLIC_NEEDS_STRUCTURE,6,yes,no,yes,no,,,lika,slanina,
3033,"Lukanka iz Panagyurishte – bugarska prešana suha kobasica",lukanka-iz-panagyurishte,publish,https://drycured.com/recepti-baza/lukanka-iz-panagyurishte/,MD-LUKANKA_IZ_PANAGYURISHTE,7,THERMAL_PROCESSED,HIGH_PUBLIC_NEEDS_STRUCTURE,6,yes,no,yes,no,,,lika,kulen,
3047,"Siglino Messinias – grčka dimljena svinjetina",siglino-messinias,publish,https://drycured.com/recepti-baza/siglino-messinias/,MD-SIGLINO_MESSINIAS,7,THERMAL_PROCESSED,HIGH_PUBLIC_NEEDS_STRUCTURE,6,yes,no,yes,no,,,lika,panceta,
3050,"Pancetta Maltija – malteška panceta",maltezanska-panceta-pancetta-maltija-2,publish,https://drycured.com/recepti-baza/maltezanska-panceta-pancetta-maltija-2/,MD-MALTEZANSKA_PANCETA_PANCETTA_MALTIJA,7,THERMAL_PROCESSED,HIGH_PUBLIC_NEEDS_STRUCTURE,6,yes,no,yes,no,,,lika,panceta,
3055,"Salo – ukrajinska slana svinjska slanina",salo-slana-svinjeca-slanina,publish,https://drycured.com/recepti-baza/salo-slana-svinjeca-slanina/,MD-SALO_SLANA_SVINJECA_SLANINA,7,THERMAL_PROCESSED,HIGH_PUBLIC_NEEDS_STRUCTURE,6,yes,no,yes,no,,,lika,slanina,
3058,"Sobrasada Mallorquina – majorška sobrasada",sobrasada-mallorquina-majorska-sobrasada-2,publish,https://drycured.com/recepti-baza/sobrasada-mallorquina-majorska-sobrasada-2/,MD-SOBRASADA_MALLORQUINA_MAJORSKA_SOBRASADA,7,THERMAL_PROCESSED,HIGH_PUBLIC_NEEDS_STRUCTURE,6,yes,no,yes,no,,,lika,slanina,
3066,"Kärntner Wurzelspeck – koruški sušeni dimljeni vrat",karntner-wurzelspeck-koruska-korijenska-slanina-2,publish,https://drycured.com/recepti-baza/karntner-wurzelspeck-koruska-korijenska-slanina-2/,MD-KARNTNER_WURZELSPECK_KORUSKA_KORIJENSKA_SLANINA,7,THERMAL_PROCESSED,HIGH_PUBLIC_NEEDS_STRUCTURE,6,yes,no,yes,no,,,lika,slanina,
3071,"Lard fumé de Flandre – flamanska dimljena slanina",lard-fume-de-flandre-flamansko-dimljeno-salo-2,publish,https://drycured.com/recepti-baza/lard-fume-de-flandre-flamansko-dimljeno-salo-2/,MD-LARD_FUME_DE_FLANDRE_FLAMANSKO_DIMLJENO_SALO,7,THERMAL_PROCESSED,HIGH_PUBLIC_NEEDS_STRUCTURE,6,yes,no,yes,no,,,lika,slanina,
3065,"Mish i thatë – albanska suha janjetina",mish-i-thate-albanska-suha-janjetina-2,publish,https://drycured.com/recepti-baza/mish-i-thate-albanska-suha-janjetina-2/,MD-MISH_I_THATE_ALBANSKA_SUHA_JANJETINA,6,THERMAL_PROCESSED,HIGH_PUBLIC_NEEDS_STRUCTURE,6,yes,no,yes,no,,,"lika; banija",,
3309,"Rovinjska kobasica",hr-is-002-rovinjska-kobasica,publish,https://drycured.com/recepti-baza/hr-is-002-rovinjska-kobasica/,HR-IS-002,63,THERMAL_PROCESSED,PUBLIC_REVIEW,3,yes,yes,yes,no,,"hrvatska; hr-","slavonija; slavonski; slavonska; srijem; istarska; rovinj; rovinjska","slavonska kobasica; domaća kobasica; istarska kobasica; rovinjska kobasica; slanina",
3310,"Pazinska kobasica",hr-is-003-pazinska-kobasica,publish,https://drycured.com/recepti-baza/hr-is-003-pazinska-kobasica/,HR-IS-003,63,THERMAL_PROCESSED,PUBLIC_REVIEW,3,yes,yes,yes,no,,"hrvatska; hr-","slavonija; slavonski; slavonska; srijem; istarska; pazin; pazinska","slavonska kobasica; domaća kobasica; istarska kobasica; pazinska kobasica; slanina",
3315,"Vrgorački kulen",hr-da-004-vrgoracki-kulen,publish,https://drycured.com/recepti-baza/hr-da-004-vrgoracki-kulen/,HR-DA-004,63,THERMAL_PROCESSED,PUBLIC_REVIEW,3,yes,yes,yes,no,,"hrvatska; hr-","slavonija; slavonski; slavonska; srijem; dalmatinski; vrgorac; vrgorački","slavonska kobasica; kulen; domaća kobasica; vrgorački kulen; slanina",
3312,"Sinjska kobasica",hr-da-001-sinjska-kobasica,publish,https://drycured.com/recepti-baza/hr-da-001-sinjska-kobasica/,HR-DA-001,56,THERMAL_PROCESSED,PUBLIC_REVIEW,3,yes,yes,yes,no,,"hrvatska; hr-","slavonija; slavonski; slavonska; srijem; sinj; sinjska","slavonska kobasica; domaća kobasica; sinjska kobasica; slanina",
3314,"Hvarska prstena kobasica",hr-da-003-hvarska-prstena-kobasica,publish,https://drycured.com/recepti-baza/hr-da-003-hvarska-prstena-kobasica/,HR-DA-003,56,THERMAL_PROCESSED,PUBLIC_REVIEW,3,yes,yes,yes,no,,"hrvatska; hr-","slavonija; slavonski; slavonska; srijem; hvar; hvarska","slavonska kobasica; domaća kobasica; hvarska prstena; slanina",
3308,"Istarska kobasica",hr-is-001-istarska-kobasica,publish,https://drycured.com/recepti-baza/hr-is-001-istarska-kobasica/,HR-IS-001,53,THERMAL_PROCESSED,PUBLIC_REVIEW,3,yes,yes,yes,no,,"hrvatska; hr-","slavonija; slavonski; slavonska; srijem; istarska","slavonska kobasica; domaća kobasica; istarska kobasica; slanina",
3311,"Lička kobasica",hr-li-001-licka-kobasica,publish,https://drycured.com/recepti-baza/hr-li-001-licka-kobasica/,HR-LI-001,53,THERMAL_PROCESSED,PUBLIC_REVIEW,3,yes,yes,yes,no,,"hrvatska; hr-","slavonija; slavonski; slavonska; srijem; lička","slavonska kobasica; domaća kobasica; lička kobasica; slanina",
3313,"Korčulanska kobasica",hr-da-002-korculanska-kobasica,publish,https://drycured.com/recepti-baza/hr-da-002-korculanska-kobasica/,HR-DA-002,52,THERMAL_PROCESSED,PUBLIC_REVIEW,3,yes,yes,yes,no,,"hrvatska; hr-","slavonija; slavonski; slavonska; srijem; korčula; korčulanska","slavonska kobasica; domaća kobasica; slanina",
2977,"Srijemska kobasica (OGP)",hr-sl-006-srijemska-kobasica-ogp,publish,https://drycured.com/recepti-baza/hr-sl-006-srijemska-kobasica-ogp/,HR-SL-006,51,THERMAL_PROCESSED,PUBLIC_REVIEW,3,yes,yes,yes,no,,"hrvatska; hrvatski; hr-","slavonski; slavonska; baranja; srijem","slavonski kulen; kulen; slanina",
2973,"Kulenova seka",hr-sl-002-kulenova-seka,publish,https://drycured.com/recepti-baza/hr-sl-002-kulenova-seka/,HR-SL-002,50,THERMAL_PROCESSED,PUBLIC_REVIEW,3,yes,yes,yes,no,,"hrvatska; hr-","slavonija; slavonski; baranja; srijem","slavonski kulen; kulenova seka; kulen; slanina",
3000,"Slavonska domaća salama",hr-sl-034-slavonska-domaca-salama,publish,https://drycured.com/recepti-baza/hr-sl-034-slavonska-domaca-salama/,HR-SL-034,50,THERMAL_PROCESSED,PUBLIC_REVIEW,3,yes,yes,yes,no,,"hrvatska; hr-","slavonija; slavonski; slavonska; srijem","slavonski kulen; kulen; domaća kobasica; slanina",
2975,"Đakovački kulen",hr-sl-004-dakovacki-kulen,publish,https://drycured.com/recepti-baza/hr-sl-004-dakovacki-kulen/,HR-SL-004,46,THERMAL_PROCESSED,PUBLIC_REVIEW,3,yes,yes,yes,no,,"hrvatska; hr-","slavonija; slavonski; slavonska; srijem","slavonski kulen; kulen; slanina",
2979,"Baranjska kobasica",hr-sl-008-baranjska-kobasica,publish,https://drycured.com/recepti-baza/hr-sl-008-baranjska-kobasica/,HR-SL-008,46,THERMAL_PROCESSED,PUBLIC_REVIEW,3,yes,yes,yes,no,,"hrvatska; hr-","slavonski; slavonska; baranja; srijem","slavonski kulen; kulen; slanina",
3002,"Vinkovačka kobasica",hr-sl-037-vinkovacka-kobasica,publish,https://drycured.com/recepti-baza/hr-sl-037-vinkovacka-kobasica/,HR-SL-037,46,THERMAL_PROCESSED,PUBLIC_REVIEW,3,yes,yes,yes,no,,"hrvatska; hr-","slavonski; slavonska; srijem; lika","slavonski kulen; kulen; slanina",
3003,"Slavonska lovačka kobasica (divljač + svinjetina)",hr-sl-038-slavonska-lovacka-kobasica-divljac-svinjetina,publish,https://drycured.com/recepti-baza/hr-sl-038-slavonska-lovacka-kobasica-divljac-svinjetina/,HR-SL-038,46,THERMAL_PROCESSED,PUBLIC_REVIEW,3,yes,yes,yes,no,,"hrvatska; hr-","slavonija; slavonski; slavonska; srijem","slavonski kulen; kulen; slanina",
2974,"Baranjski kulen (ZOZP EU)",hr-sl-003-baranjski-kulen-zozp-eu,publish,https://drycured.com/recepti-baza/hr-sl-003-baranjski-kulen-zozp-eu/,HR-SL-003,43,THERMAL_PROCESSED,PUBLIC_REVIEW,3,yes,yes,yes,no,,"hrvatska; hr-","slavonski; baranja; srijem","slavonski kulen; kulen; slanina",
2996,"Brodska kobasica (Slavonski Brod)",hr-sl-030-brodska-kobasica-slavonski-brod,publish,https://drycured.com/recepti-baza/hr-sl-030-brodska-kobasica-slavonski-brod/,HR-SL-030,43,THERMAL_PROCESSED,PUBLIC_REVIEW,3,yes,yes,yes,no,,"hrvatska; hr-","slavonski; slavonska; srijem","slavonski kulen; kulen; slanina",
2997,"Osječka kobasica",hr-sl-031-osjecka-kobasica,publish,https://drycured.com/recepti-baza/hr-sl-031-osjecka-kobasica/,HR-SL-031,43,THERMAL_PROCESSED,PUBLIC_REVIEW,3,yes,yes,yes,no,,"hrvatska; hr-","slavonski; slavonska; srijem","slavonski kulen; kulen; slanina",
3001,"Slavonska čvarkovača (kobasica od čvaraka)",hr-sl-036-slavonska-cvarkovaca-kobasica-od-cvaraka,publish,https://drycured.com/recepti-baza/hr-sl-036-slavonska-cvarkovaca-kobasica-od-cvaraka/,HR-SL-036,42,THERMAL_PROCESSED,PUBLIC_REVIEW,3,yes,yes,yes,no,,"hrvatska; hr-","slavonija; slavonski; slavonska; srijem","slavonski kulen; kulen",
3010,"Hvarska prstena kobasica",hr-sl-039,private,https://drycured.com/?post_type=dry_recipe&p=3010,,15,GROUND_MEAT_OR_CASING,PRIVATE_REVIEW,11,no,no,no,no,,hr-,"hvar; hvarska","hvarska prstena",
3012,"Dalmatinska dimljena slanina",hr-sl-043,private,https://drycured.com/?post_type=dry_recipe&p=3012,,12,WHOLE_CUT,PRIVATE_REVIEW,11,no,no,no,no,,hr-,dalmatinska,slanina,
3005,"Cvelferija kulen — varijanta bez slanine",hr-sl-003,private,https://drycured.com/?post_type=dry_recipe&p=3005,,9,GROUND_MEAT_OR_CASING,PRIVATE_REVIEW,11,no,no,no,no,,hr-,,kulen,
3016,"Zagorska tlačenica",hr-sl-091,private,https://drycured.com/?post_type=dry_recipe&p=3016,,9,THERMAL_PROCESSED,PRIVATE_REVIEW,11,no,no,no,no,,hr-,,tlačenica,
3018,"Banovinska tlačenica",hr-sl-115,private,https://drycured.com/?post_type=dry_recipe&p=3018,,9,THERMAL_PROCESSED,PRIVATE_REVIEW,11,no,no,no,no,,hr-,,tlačenica,
3007,"Samoborska salama (županijska robna marka)",hr-sl-025,private,https://drycured.com/?post_type=dry_recipe&p=3007,,8,GROUND_MEAT_OR_CASING,PRIVATE_REVIEW,11,no,no,no,no,,hr-,samobor,,
3008,"Dalmatinska suha šunka",hr-sl-034,private,https://drycured.com/?post_type=dry_recipe&p=3008,,8,WHOLE_CUT,PRIVATE_REVIEW,11,no,no,no,no,,hr-,dalmatinska,,
3009,"Dalmatinska suha kobasica",hr-sl-038,private,https://drycured.com/?post_type=dry_recipe&p=3009,,8,GROUND_MEAT_OR_CASING,PRIVATE_REVIEW,11,no,no,no,no,,hr-,dalmatinska,,
3011,"Sinjaška kobasica (Cetinska krajina)",hr-sl-040,private,https://drycured.com/?post_type=dry_recipe&p=3011,,8,GROUND_MEAT_OR_CASING,PRIVATE_REVIEW,11,no,no,no,no,,hr-,sinj,,
3013,"Istarska špaleta (suha plećka)",hr-sl-067,private,https://drycured.com/?post_type=dry_recipe&p=3013,,8,WHOLE_CUT,PRIVATE_REVIEW,11,no,no,no,no,,hr-,istarska,,
2073,"Kistanje Začinjena Panceta (Specifični sušeni vrat)",kistanje-zacinjena-panceta-specificni-suseni-vrat,private,https://drycured.com/?post_type=dry_recipe&p=2073,MD-KISTANJE_ZACINJENA_PANCETA_SPECIFICNI_SUSENI_VRAT,16,FISH_OR_SEAFOOD,PRIVATE_REVIEW,9,no,no,yes,no,,hrvatska,lika,"panceta; sušeni vrat",
2777,"Kulen iz Požeške doline - Specijalna varijanta s divljim začinima",kulen-iz-pozeske-doline-specijalna-varijanta-s-divljim-zacinima,private,https://drycured.com/?post_type=dry_recipe&p=2777,MD-KULEN_IZ_POZESKE_DOLINE_SPECIJALNA_VARIJANTA_S_DIVLJIM_ZACINIMA,15,THERMAL_PROCESSED,PRIVATE_REVIEW,9,no,no,yes,no,,hrvatska,"slavonija; slavonska",kulen,
2472,"Oxford Brawn (hladetina od svinjske glave)",oxford-brawn-hladetina-od-svinjske-glave,private,https://drycured.com/?post_type=dry_recipe&p=2472,MD-OXFORD_BRAWN_HLADETINA_OD_SVINJSKE_GLAVE,12,FISH_OR_SEAFOOD,PRIVATE_REVIEW,9,no,no,yes,no,,hrvatska,lika,tlačenica,
2477,"Sült (Hladetina od svinjskog mesa)",sult-hladetina-od-svinjskog-mesa,private,https://drycured.com/?post_type=dry_recipe&p=2477,MD-SULT_HLADETINA_OD_SVINJSKOG_MESA,12,THERMAL_PROCESSED,PRIVATE_REVIEW,9,no,no,yes,no,,hrvatska,lika,tlačenica,
2550,"Gospićki Vjetromet (Specifični mesni naresak)",gospicki-vjetromet-specificni-mesni-naresak,private,https://drycured.com/?post_type=dry_recipe&p=2550,MD-GOSPICKI_VJETROMET_SPECIFICNI_MESNI_NARESAK,12,THERMAL_PROCESSED,PRIVATE_REVIEW,9,no,no,yes,no,,hrvatska,lika,slanina,
2716,"Dolenjska tlačenka (prezvuršt)",dolenjska-tlacenka-prezvurst,private,https://drycured.com/?post_type=dry_recipe&p=2716,MD-DOLENJSKA_TLACENKA_PREZVURST,12,THERMAL_PROCESSED,PRIVATE_REVIEW,9,no,no,yes,no,,hrvatska,lika,tlačenica,
3231,"Kholodets (Холодець) - Hladetina od mesa",kholodets-hladetina-od-mesa,private,https://drycured.com/?post_type=dry_recipe&p=3231,MD-KHOLODETS_HLADETINA_OD_MESA,12,THERMAL_PROCESSED,PRIVATE_REVIEW,9,no,no,yes,no,,hrvatska,lika,tlačenica,
2083,"Gračac Začinjena Panceta (Specifični sušeni vrat)",gracac-zacinjena-panceta-specificni-suseni-vrat,private,https://drycured.com/?post_type=dry_recipe&p=2083,MD-GRACAC_ZACINJENA_PANCETA_SPECIFICNI_SUSENI_VRAT,11,THERMAL_PROCESSED,PRIVATE_REVIEW,9,no,no,yes,no,,,lika,"panceta; sušeni vrat",
2439,"Šibenski Vjetrenjak",sibenski-vjetrenjak,private,https://drycured.com/?post_type=dry_recipe&p=2439,MD-SIBENSKI_VJETRENJAK,11,THERMAL_PROCESSED,PRIVATE_REVIEW,9,no,no,yes,no,,hrvatska,"lika; šibenik",,
2648,"Rovinjski specijalitet od sardele s ružom",rovinjski-specijalitet-od-sardele-s-ruzom,private,https://drycured.com/?post_type=dry_recipe&p=2648,MD-ROVINJSKI_SPECIJALITET_OD_SARDELE_S_RUZOM,11,THERMAL_PROCESSED,PRIVATE_REVIEW,9,no,no,yes,no,,hrvatska,"lika; rovinj",,
3184,"Morcela de Assar (Portugalska krvavica za pečenje)",morcela-de-assar-portugalska-krvavica-za-pecenje,private,https://drycured.com/?post_type=dry_recipe&p=3184,MD-MORCELA_DE_ASSAR_PORTUGALSKA_KRVAVICA_ZA_PECENJE,11,FISH_OR_SEAFOOD,PRIVATE_REVIEW,9,no,no,yes,no,,,lika,"slanina; krvavica",
3054,"Rovinjska kobasica",0306-rovinjska-kobasica,private,https://drycured.com/?post_type=dry_recipe&p=3054,,10,GROUND_MEAT_OR_CASING,PRIVATE_REVIEW,9,no,no,yes,no,,,"rovinj; rovinjska","rovinjska kobasica",
2044,"NÜRNBERGER BRATWURST (NIRNBERŠKA KOBASICA ZA PEČENJE)",nurnberger-bratwurst-nirnberska-kobasica-za-pecenje,private,https://drycured.com/?post_type=dry_recipe&p=2044,MD-NURNBERGER_BRATWURST_NIRNBERSKA_KOBASICA_ZA_PECENJE,9,THERMAL_PROCESSED,PRIVATE_REVIEW,9,no,no,yes,no,,hrvatska,,slanina,
2700,"Osječka Specijalna Suhomesnata Salama",osjecka-specijalna-suhomesnata-salama,private,https://drycured.com/?post_type=dry_recipe&p=2700,MD-OSJECKA_SPECIJALNA_SUHOMESNATA_SALAMA,9,THERMAL_PROCESSED,PRIVATE_REVIEW,9,no,no,yes,no,,hrvatska,,kulen,
3235,"Pečenice 1.2021 – domaća varijanta",pe-enice-1-2021-doma-a-varijanta,private,https://drycured.com/?post_type=dry_recipe&p=3235,NEW-PECENICE-2021,9,THERMAL_PROCESSED,PRIVATE_REVIEW,9,no,no,yes,no,,hrvatska,,slanina,
2437,"Drniški Začinjeni Vrat s Planine (Specifični mountainski naresak)",drniski-zacinjeni-vrat-s-planine-specificni-mountainski-naresak,private,https://drycured.com/?post_type=dry_recipe&p=2437,MD-DRNISKI_ZACINJENI_VRAT_S_PLANINE_SPECIFICNI_MOUNTAINSKI_NARESAK,8,THERMAL_PROCESSED,PRIVATE_REVIEW,9,no,no,yes,no,,hrvatska,lika,,
2469,"Haslet (tradicionalna engleska pašteta od svinjskih iznutrica)",haslet-tradicionalna-engleska-pasteta-od-svinjskih-iznutrica,private,https://drycured.com/?post_type=dry_recipe&p=2469,MD-HASLET_TRADICIONALNA_ENGLESKA_PASTETA_OD_SVINJSKIH_IZNUTRICA,8,FISH_OR_SEAFOOD,PRIVATE_REVIEW,9,no,no,yes,no,,hrvatska,lika,,
2551,"Senj Začinski Vrat (Specifični nasoljavani vrat)",senj-zacinski-vrat-specificni-nasoljavani-vrat,private,https://drycured.com/?post_type=dry_recipe&p=2551,MD-SENJ_ZACINSKI_VRAT_SPECIFICNI_NASOLJAVANI_VRAT,8,FISH_OR_SEAFOOD,PRIVATE_REVIEW,9,no,no,yes,no,,hrvatska,lika,,
2578,"Leverworst (Jetrena pašteta)",leverworst-jetrena-pasteta,private,https://drycured.com/?post_type=dry_recipe&p=2578,MD-LEVERWORST_JETRENA_PASTETA,8,THERMAL_PROCESSED,PRIVATE_REVIEW,9,no,no,yes,no,,hrvatska,lika,,
2605,"Podunavski Specijalni Fermentirani Špek",podunavski-specijalni-fermentirani-spek,private,https://drycured.com/?post_type=dry_recipe&p=2605,MD-PODUNAVSKI_SPECIJALNI_FERMENTIRANI_SPEK,8,FISH_OR_SEAFOOD,PRIVATE_REVIEW,9,no,no,yes,no,,hrvatska,lika,,
2706,"Tradicijski Baranjski Specijalni Fermentirani Špek",tradicijski-baranjski-specijalni-fermentirani-spek,private,https://drycured.com/?post_type=dry_recipe&p=2706,MD-TRADICIJSKI_BARANJSKI_SPECIJALNI_FERMENTIRANI_SPEK,8,FISH_OR_SEAFOOD,PRIVATE_REVIEW,9,no,no,yes,no,,hrvatska,lika,,
3130,"Rillettes du Mans (Pašteta od konfitiranog mesa)",rillettes-du-mans-pasteta-od-konfitiranog-mesa,private,https://drycured.com/?post_type=dry_recipe&p=3130,MD-RILLETTES_DU_MANS_PASTETA_OD_KONFITIRANOG_MESA,8,FISH_OR_SEAFOOD,PRIVATE_REVIEW,9,no,no,yes,no,,hrvatska,lika,,
3165,"Schwarzwaldska šunka s kiselim kupusom i krumpirom",schwarzwaldska-sunka-s-kiselim-kupusom-i-krumpirom,private,https://drycured.com/?post_type=dry_recipe&p=3165,MD-SCHWARZWALDSKA_SUNKA_S_KISELIM_KUPUSOM_I_KRUMPIROM,8,THERMAL_PROCESSED,PRIVATE_REVIEW,9,no,no,yes,no,,hrvatska,lika,,
3177,"Đakovački Specijalni Fermentirani Vrat",akovacki-specijalni-fermentirani-vrat,private,https://drycured.com/?post_type=dry_recipe&p=3177,MD-DAKOVACKI_SPECIJALNI_FERMENTIRANI_VRAT,8,FISH_OR_SEAFOOD,PRIVATE_REVIEW,9,no,no,yes,no,,hrvatska,lika,,
3209,"Vetchina (Ветчина - Domaća kuhana šunka)",vetchina-domaca-kuhana-sunka,private,https://drycured.com/?post_type=dry_recipe&p=3209,MD-VETCHINA_DOMACA_KUHANA_SUNKA,8,FISH_OR_SEAFOOD,PRIVATE_REVIEW,9,no,no,yes,no,,hrvatska,lika,,
1995,"Posavska Krvavica sa Šumskim Začinima",posavska-krvavica-sa-sumskim-zacinima,private,https://drycured.com/?post_type=dry_recipe&p=1995,MD-POSAVSKA_KRVAVICA_SA_SUMSKIM_ZACINIMA,7,THERMAL_PROCESSED,PRIVATE_REVIEW,9,no,no,yes,no,,,lika,krvavica,
2017,"Drisheen (Tradicionalna irska krvavica od ovčje krvi)",drisheen-tradicionalna-irska-krvavica-od-ovcje-krvi,private,https://drycured.com/?post_type=dry_recipe&p=2017,MD-DRISHEEN_TRADICIONALNA_IRSKA_KRVAVICA_OD_OVCJE_KRVI,7,FISH_OR_SEAFOOD,PRIVATE_REVIEW,9,no,no,yes,no,,,lika,krvavica,
2035,"Tradicionalna irska krvavica (Black Pudding)",tradicionalna-irska-krvavica-black-pudding,private,https://drycured.com/?post_type=dry_recipe&p=2035,MD-TRADICIONALNA_IRSKA_KRVAVICA_BLACK_PUDDING,7,FISH_OR_SEAFOOD,PRIVATE_REVIEW,9,no,no,yes,no,,,lika,krvavica,
2036,"Irska bijela krvavica (White Pudding)",irska-bijela-krvavica-white-pudding,private,https://drycured.com/?post_type=dry_recipe&p=2036,MD-IRSKA_BIJELA_KRVAVICA_WHITE_PUDDING,7,FISH_OR_SEAFOOD,PRIVATE_REVIEW,9,no,no,yes,no,,,lika,krvavica,
2074,"Petrovo Polje Začinska Slanina (Specifični začinjeni komad)",petrovo-polje-zacinska-slanina-specificni-zacinjeni-komad,private,https://drycured.com/?post_type=dry_recipe&p=2074,MD-PETROVO_POLJE_ZACINSKA_SLANINA_SPECIFICNI_ZACINJENI_KOMAD,7,FISH_OR_SEAFOOD,PRIVATE_REVIEW,9,no,no,yes,no,,,lika,slanina,
2084,"Plitvice Začinska Slanina (Specifični začinjeni komad)",plitvice-zacinska-slanina-specificni-zacinjeni-komad,private,https://drycured.com/?post_type=dry_recipe&p=2084,MD-PLITVICE_ZACINSKA_SLANINA_SPECIFICNI_ZACINJENI_KOMAD,7,THERMAL_PROCESSED,PRIVATE_REVIEW,9,no,no,yes,no,,,lika,slanina,
2087,"Podravska Krvavica",podravska-krvavica,private,https://drycured.com/?post_type=dry_recipe&p=2087,MD-PODRAVSKA_KRVAVICA,7,THERMAL_PROCESSED,PRIVATE_REVIEW,9,no,no,yes,no,,,lika,krvavica,
2090,"KASZANKA (POLJSKA KRVAVICA)",kaszanka-poljska-krvavica,private,https://drycured.com/?post_type=dry_recipe&p=2090,MD-KASZANKA_POLJSKA_KRVAVICA,7,THERMAL_PROCESSED,PRIVATE_REVIEW,9,no,no,yes,no,,,lika,krvavica,
2091,"Morcela de Assar (Krvavica za Pečenje)",morcela-de-assar-krvavica-za-pecenje,private,https://drycured.com/?post_type=dry_recipe&p=2091,MD-MORCELA_DE_ASSAR_KRVAVICA_ZA_PECENJE,7,FISH_OR_SEAFOOD,PRIVATE_REVIEW,9,no,no,yes,no,,,lika,krvavica,
2433,"Crnogorska pečenica",crnogorska-pecenica,private,https://drycured.com/?post_type=dry_recipe&p=2433,MD-CRNOGORSKA_PECENICA,7,FISH_OR_SEAFOOD,PRIVATE_REVIEW,9,no,no,yes,no,,,lika,pečenica,
2455,"Sylte (Danska hladetina od svinjske glave)",sylte-danska-hladetina-od-svinjske-glave,private,https://drycured.com/?post_type=dry_recipe&p=2455,MD-SYLTE_DANSKA_HLADETINA_OD_SVINJSKE_GLAVE,7,THERMAL_PROCESSED,PRIVATE_REVIEW,9,no,no,yes,no,,,lika,tlačenica,
2531,"Slátur (Islandska krvavica)",slatur-islandska-krvavica,private,https://drycured.com/?post_type=dry_recipe&p=2531,MD-SLATUR_ISLANDSKA_KRVAVICA,7,FISH_OR_SEAFOOD,PRIVATE_REVIEW,9,no,no,yes,no,,,istra,krvavica,
2615,"SALCESON OZORKOWY (POLJSKA TLAČENICA)",salceson-ozorkowy-poljska-tlacenica,private,https://drycured.com/?post_type=dry_recipe&p=2615,MD-SALCESON_OZORKOWY_POLJSKA_TLACENICA,7,THERMAL_PROCESSED,PRIVATE_REVIEW,9,no,no,yes,no,,,lika,tlačenica,
2619,"POLĘDWICA SOPOCKA (SUŠENA SVINJSKA PEČENICA)",poledwica-sopocka-susena-svinjska-pecenica,private,https://drycured.com/?post_type=dry_recipe&p=2619,MD-POL_DWICA_SOPOCKA_SUSENA_SVINJSKA_PECENICA,7,THERMAL_PROCESSED,PRIVATE_REVIEW,9,no,no,yes,no,,,lika,pečenica,
2669,"TOBĂ (Tradidicionalna rumunjska tlačenica)",toba-tradidicionalna-rumunjska-tlacenica,private,https://drycured.com/?post_type=dry_recipe&p=2669,MD-TOB_TRADIDICIONALNA_RUMUNJSKA_TLACENICA,7,THERMAL_PROCESSED,PRIVATE_REVIEW,9,no,no,yes,no,,,lika,tlačenica,
2685,"ŠKOTSKI BLACK PUDDING (KRVAVICA)",skotski-black-pudding-krvavica,private,https://drycured.com/?post_type=dry_recipe&p=2685,MD-SKOTSKI_BLACK_PUDDING_KRVAVICA,7,THERMAL_PROCESSED,PRIVATE_REVIEW,9,no,no,yes,no,,,lika,krvavica,
2709,"Huspenina (slovačka hladetina)",huspenina-slovacka-hladetina,private,https://drycured.com/?post_type=dry_recipe&p=2709,MD-HUSPENINA_SLOVACKA_HLADETINA,7,THERMAL_PROCESSED,PRIVATE_REVIEW,9,no,no,yes,no,,,lika,tlačenica,
2772,"Pâté de Campagne (Seljački pašteta)",pate-de-campagne-seljacki-pasteta,private,https://drycured.com/?post_type=dry_recipe&p=2772,MD-PATE_DE_CAMPAGNE_SELJACKI_PASTETA,7,FISH_OR_SEAFOOD,PRIVATE_REVIEW,9,no,no,yes,no,,,lika,slanina,
2773,"Boudin Noir (Krvavica)",boudin-noir-krvavica,private,https://drycured.com/?post_type=dry_recipe&p=2773,MD-BOUDIN_NOIR_KRVAVICA,7,THERMAL_PROCESSED,PRIVATE_REVIEW,9,no,no,yes,no,,,lika,krvavica,
3113,"Blodpølse (Danska krvavica)",blodplse-danska-krvavica,private,https://drycured.com/?post_type=dry_recipe&p=3113,MD-BLODP_LSE_DANSKA_KRVAVICA,7,THERMAL_PROCESSED,PRIVATE_REVIEW,9,no,no,yes,no,,,lika,krvavica,
3123,"Tradicionalni engleski Black Pudding (krvavica)",tradicionalni-engleski-black-pudding-krvavica,private,https://drycured.com/?post_type=dry_recipe&p=3123,MD-TRADICIONALNI_ENGLESKI_BLACK_PUDDING_KRVAVICA,7,FISH_OR_SEAFOOD,PRIVATE_REVIEW,9,no,no,yes,no,,,lika,krvavica,
3186,"Bonus: Schwarzwälder Speck (Crnogorska slanina)",bonus-schwarzwalder-speck-crnogorska-slanina,private,https://drycured.com/?post_type=dry_recipe&p=3186,MD-BONUS_SCHWARZWALDER_SPECK_CRNOGORSKA_SLANINA,7,THERMAL_PROCESSED,PRIVATE_REVIEW,9,no,no,yes,no,,,lika,slanina,
3187,"Zalatina (Ζαλατίνα) - Ciparski hladetinasti svinjski narezak",zalatina-ciparski-hladetinasti-svinjski-narezak,private,https://drycured.com/?post_type=dry_recipe&p=3187,MD-ZALATINA_CIPARSKI_HLADETINASTI_SVINJSKI_NAREZAK,7,FISH_OR_SEAFOOD,PRIVATE_REVIEW,9,no,no,yes,no,,,lika,tlačenica,
3220,"Tuzlanski Švargli",tuzlanski-svargli,private,https://drycured.com/?post_type=dry_recipe&p=3220,MD-TUZLANSKI_SVARGLI,7,THERMAL_PROCESSED,PRIVATE_REVIEW,9,no,no,yes,no,,,lika,tlačenica,
2438,"Komiški Brudet Narezak",komiski-brudet-narezak,private,https://drycured.com/?post_type=dry_recipe&p=2438,MD-KOMISKI_BRUDET_NAREZAK,6,THERMAL_PROCESSED,PRIVATE_REVIEW,9,no,no,yes,no,,,"dalmatinski; lika",,
2647,"Pazinski specijalitet od kozjeg mesa s kestenom",pazinski-specijalitet-od-kozjeg-mesa-s-kestenom,private,https://drycured.com/?post_type=dry_recipe&p=2647,MD-PAZINSKI_SPECIJALITET_OD_KOZJEG_MESA_S_KESTENOM,6,FISH_OR_SEAFOOD,PRIVATE_REVIEW,9,no,no,yes,no,,,"lika; pazin",,
2987,"Krvavica slavonska",hr-sl-018-krvavica-slavonska,private,https://drycured.com/?post_type=dry_recipe&p=2987,HR-SL-018,50,THERMAL_PROCESSED,PRIVATE_REVIEW,6,yes,no,yes,no,,"hrvatska; hr-","slavonija; slavonski; slavonska; srijem","slavonski kulen; kulen; slanina; krvavica",
2988,"Tlačenica slavonska (švargl)",hr-sl-019-tlacenica-slavonska-svargl,private,https://drycured.com/?post_type=dry_recipe&p=2988,HR-SL-019,50,THERMAL_PROCESSED,PRIVATE_REVIEW,6,yes,no,yes,no,,"hrvatska; hr-","slavonija; slavonski; slavonska; srijem","slavonski kulen; kulen; slanina; tlačenica",
2983,"Slavonska dimljena šunka",hr-sl-014-slavonska-dimljena-sunka,private,https://drycured.com/?post_type=dry_recipe&p=2983,HR-SL-014,49,THERMAL_PROCESSED,PRIVATE_REVIEW,6,yes,no,yes,no,,"hrvatska; hr-","slavonija; slavonski; slavonska; srijem; dalmatinski","slavonski kulen; kulen; dalmatinski pršut",
2978,"Ratarske kobasice",hr-sl-007-ratarske-kobasice,private,https://drycured.com/?post_type=dry_recipe&p=2978,HR-SL-007,46,THERMAL_PROCESSED,PRIVATE_REVIEW,6,yes,no,yes,no,,"hrvatska; hr-","slavonija; slavonski; slavonska; srijem","slavonska kobasica; kulen; slanina",
2982,"Slavonska dimljena slanina",hr-sl-012-slavonska-dimljena-slanina,private,https://drycured.com/?post_type=dry_recipe&p=2982,HR-SL-012,46,THERMAL_PROCESSED,PRIVATE_REVIEW,6,yes,no,yes,no,,"hrvatska; hr-","slavonija; slavonski; slavonska; srijem","slavonski kulen; kulen; slanina",
2986,"Slavonska jetrena kobasica",hr-sl-017-slavonska-jetrena-kobasica,private,https://drycured.com/?post_type=dry_recipe&p=2986,HR-SL-017,46,THERMAL_PROCESSED,PRIVATE_REVIEW,6,yes,no,yes,no,,"hrvatska; hr-","slavonija; slavonski; slavonska; srijem","slavonski kulen; kulen; slanina",
2998,"Slavonska krvavica od prosa (bijela)",hr-sl-032-slavonska-krvavica-od-prosa-bijela,private,https://drycured.com/?post_type=dry_recipe&p=2998,HR-SL-032,46,THERMAL_PROCESSED,PRIVATE_REVIEW,6,yes,no,yes,no,,"hrvatska; hr-","slavonija; slavonski; slavonska; srijem","slavonski kulen; kulen; krvavica",
2980,"Baranjska salama",hr-sl-009-baranjska-salama,private,https://drycured.com/?post_type=dry_recipe&p=2980,HR-SL-009,43,THERMAL_PROCESSED,PRIVATE_REVIEW,6,yes,no,yes,no,,"hrvatska; hr-","slavonski; baranja; srijem","slavonski kulen; kulen; slanina",
2990,"Slavonski lovački kulen (divljač + svinjetina)",hr-sl-021-slavonski-lovacki-kulen-divljac-svinjetina,private,https://drycured.com/?post_type=dry_recipe&p=2990,HR-SL-021,43,THERMAL_PROCESSED,PRIVATE_REVIEW,6,yes,no,yes,no,,"hrvatska; hr-","slavonija; slavonski; srijem","slavonski kulen; kulen; slanina",
2991,"Konjska salama Ploštine (talijanska manjina, Pakrac)",hr-sl-022-konjska-salama-plostine-talijanska-manjina-pakrac,private,https://drycured.com/?post_type=dry_recipe&p=2991,HR-SL-022,43,THERMAL_PROCESSED,PRIVATE_REVIEW,6,yes,no,yes,no,,"hrvatska; hr-","slavonija; slavonski; srijem","slavonski kulen; kulen; slanina",
2984,"Suha plećka slavonska",hr-sl-015-suha-plecka-slavonska,private,https://drycured.com/?post_type=dry_recipe&p=2984,HR-SL-015,42,THERMAL_PROCESSED,PRIVATE_REVIEW,6,yes,no,yes,no,,"hrvatska; hr-","slavonija; slavonski; slavonska; srijem","slavonski kulen; kulen",
2985,"Suha rebra slavonska",hr-sl-016-suha-rebra-slavonska,private,https://drycured.com/?post_type=dry_recipe&p=2985,HR-SL-016,42,THERMAL_PROCESSED,PRIVATE_REVIEW,6,yes,no,yes,no,,"hrvatska; hr-","slavonija; slavonski; slavonska; srijem","slavonski kulen; kulen",
2993,"Slavonski suhi vrat (ovratina)",hr-sl-027-slavonski-suhi-vrat-ovratina,private,https://drycured.com/?post_type=dry_recipe&p=2993,HR-SL-027,42,THERMAL_PROCESSED,PRIVATE_REVIEW,6,yes,no,yes,no,,"hrvatska; hr-","slavonija; slavonski; slavonska; srijem","slavonski kulen; kulen",
2999,"Slavonska šunka od crne slavonske svinje",hr-sl-033-slavonska-sunka-od-crne-slavonske-svinje,private,https://drycured.com/?post_type=dry_recipe&p=2999,HR-SL-033,42,THERMAL_PROCESSED,PRIVATE_REVIEW,6,yes,no,yes,no,,"hrvatska; hr-","slavonija; slavonski; slavonska; srijem","slavonski kulen; kulen",
2992,"Slavonski dimljeni svinjski vrat",hr-sl-024-slavonski-dimljeni-svinjski-vrat,private,https://drycured.com/?post_type=dry_recipe&p=2992,HR-SL-024,39,THERMAL_PROCESSED,PRIVATE_REVIEW,6,yes,no,yes,no,,"hrvatska; hr-","slavonija; slavonski; srijem","slavonski kulen; kulen",
2994,"Baranjska šunka",hr-sl-028-baranjska-sunka,private,https://drycured.com/?post_type=dry_recipe&p=2994,HR-SL-028,39,THERMAL_PROCESSED,PRIVATE_REVIEW,6,yes,no,yes,no,,"hrvatska; hr-","slavonski; baranja; srijem","slavonski kulen; kulen",
2989,"Vinkovačka šunka — suho soljena varijanta",hr-sl-020-vinkovacka-sunka-suho-soljena-varijanta,private,https://drycured.com/?post_type=dry_recipe&p=2989,HR-SL-020,36,THERMAL_PROCESSED,PRIVATE_REVIEW,6,yes,no,yes,no,,"hrvatska; hr-","slavonski; srijem","slavonski kulen; kulen",
2995,"Đakovačka šunka",hr-sl-029-dakovacka-sunka,private,https://drycured.com/?post_type=dry_recipe&p=2995,HR-SL-029,36,THERMAL_PROCESSED,PRIVATE_REVIEW,6,yes,no,yes,no,,"hrvatska; hr-","slavonski; srijem","slavonski kulen; kulen",
3023,"Bonus: Pfefferbeis s prženim krumpirom i umkom od kiselog vrhnja",bonus-pfefferbeis-s-przenim-krumpirom-i-umkom-od-kiselog-vrhnja,private,https://drycured.com/?post_type=dry_recipe&p=3023,MD-BONUS_PFEFFERBEIS_S_PRZENIM_KRUMPIROM_I_UMKOM_OD_KISELOG_VRHNJA,14,THERMAL_PROCESSED,PRIVATE_REVIEW,6,yes,no,yes,no,,"hrvatska; hrvatski",,slanina,
3022,"Westfälischer Schinken s krumpirom u ljusci i hrenom",westfalischer-schinken-s-krumpirom-u-ljusci-i-hrenom,private,https://drycured.com/?post_type=dry_recipe&p=3022,MD-WESTFALISCHER_SCHINKEN_S_KRUMPIROM_U_LJUSCI_I_HRENOM,8,FISH_OR_SEAFOOD,PRIVATE_REVIEW,6,yes,no,yes,no,,hrvatska,lika,,
3077,"Tête pressée – prešana svinjska glava / prezvuršt",tete-pressee-prezvurst-2,private,https://drycured.com/?post_type=dry_recipe&p=3077,MD-TETE_PRESSEE_PREZVURST,7,THERMAL_PROCESSED,PRIVATE_REVIEW,6,yes,no,yes,no,,,lika,tlačenica,
3048,"Tsigarides – grčki čvarci / mesni pripravak",tsigarides,private,https://drycured.com/?post_type=dry_recipe&p=3048,MD-TSIGARIDES,6,THERMAL_PROCESSED,PRIVATE_REVIEW,6,yes,no,yes,no,,,"istra; lika",,
3532,"PREVIEW GRANULACIJA — Kulenova seka",preview-granulation-kulenova-seka-src-2973,private,https://drycured.com/?post_type=dry_recipe&p=3532,HR-SL-002,53,THERMAL_PROCESSED,PRIVATE_REVIEW,3,yes,yes,yes,no,,"hrvatska; hr-","slavonija; slavonski; slavonska; baranja; srijem","slavonski kulen; kulenova seka; kulen; slanina",
2186,"Slavonski kulen / Slavonski kulin — ZOZP",hr-slv-kul-zozp-001,draft,https://drycured.com/?post_type=dry_recipe&p=2186,HR-SLV-KUL-ZOZP-001,28,GROUND_MEAT_OR_CASING,DRAFT_REVIEW,11,no,no,no,no,,hr-,slavonski,"slavonski kulen; kulen",
2189,"Slavonska sušena slanina / Slavonski špek",hr-slv-sla-trad-001,draft,https://drycured.com/?post_type=dry_recipe&p=2189,HR-SLV-SLA-TRAD-001,27,WHOLE_CUT,DRAFT_REVIEW,11,no,no,no,no,,hr-,"slavonski; slavonska",slanina,
2228,"Domaća slanina / panceta",hr-cjp-pan-001,draft,https://drycured.com/?post_type=dry_recipe&p=2228,HR-CJP-PAN-001,25,WHOLE_CUT,DRAFT_REVIEW,11,no,no,no,no,,hr-,,"panceta; slanina",
1975,"Istarska kobasica",istarska-kobasica,draft,https://drycured.com/?post_type=dry_recipe&p=1975,HR-IST-KOB-VODIC-001,24,GROUND_MEAT_OR_CASING,DRAFT_REVIEW,11,no,no,no,no,,hr-,istarska,"istarska kobasica",
2187,"Slavonska kobasica — ZOZP",hr-slv-kob-zozp-001,draft,https://drycured.com/?post_type=dry_recipe&p=2187,HR-SLV-KOB-ZOZP-001,24,GROUND_MEAT_OR_CASING,DRAFT_REVIEW,11,no,no,no,no,,hr-,slavonska,"slavonska kobasica",
2230,"Suhi kare / pečenica",hr-cjp-kar-001,draft,https://drycured.com/?post_type=dry_recipe&p=2230,HR-CJP-KAR-001,21,WHOLE_CUT,DRAFT_REVIEW,11,no,no,no,no,,hr-,,pečenica,
2188,"Slavonska cajna kobasica — tradicijska",hr-slv-caj-trad-001,draft,https://drycured.com/?post_type=dry_recipe&p=2188,HR-SLV-CAJ-TRAD-001,20,GROUND_MEAT_OR_CASING,DRAFT_REVIEW,11,no,no,no,no,,hr-,slavonska,,
2250,"Sinjske Kobasice",hr-rec-016,draft,https://drycured.com/?post_type=dry_recipe&p=2250,HR-REC-016,20,GROUND_MEAT_OR_CASING,DRAFT_REVIEW,11,no,no,no,no,,hr-,sinj,,
2260,"Srijemske Kobasice",hr-rec-026,draft,https://drycured.com/?post_type=dry_recipe&p=2260,HR-REC-026,20,GROUND_MEAT_OR_CASING,DRAFT_REVIEW,11,no,no,no,no,,hr-,srijem,,
2275,"Sinjski Sudžuk",hr-rec-041,draft,https://drycured.com/?post_type=dry_recipe&p=2275,HR-REC-041,20,GROUND_MEAT_OR_CASING,DRAFT_REVIEW,11,no,no,no,no,,hr-,sinj,,
2278,"Samoborske Češnjovke",hr-rec-044,draft,https://drycured.com/?post_type=dry_recipe&p=2278,HR-REC-044,20,NEEDS_CLASSIFICATION,DRAFT_REVIEW,11,no,no,no,no,,hr-,samobor,,
2288,"Zagrebačke Krvavice",hr-rec-054,draft,https://drycured.com/?post_type=dry_recipe&p=2288,HR-REC-054,20,NEEDS_CLASSIFICATION,DRAFT_REVIEW,11,no,no,no,no,,hr-,zagreb,,
1976,"Primorska kobasica",primorska-kobasica,draft,https://drycured.com/?post_type=dry_recipe&p=1976,HR-PRI-KOB-PRIMORSKA-001,17,GROUND_MEAT_OR_CASING,DRAFT_REVIEW,11,no,no,no,no,,hr-,,,
1977,"Creski udić — pršut od ovce",creski-udic-prsut-od-ovce,draft,https://drycured.com/?post_type=dry_recipe&p=1977,HR-CRES-UDIC-001,17,WHOLE_CUT,DRAFT_REVIEW,11,no,no,no,no,,hr-,,,
1978,"Creska janjeća roštilj kobasica",creska-janjeca-rostilj-kobasica,draft,https://drycured.com/?post_type=dry_recipe&p=1978,HR-CRES-JANJECA-ROSTILJ-001,17,GROUND_MEAT_OR_CASING,DRAFT_REVIEW,11,no,no,no,no,,hr-,,,
1996,"Tradicionalni suhomesnati proizvodi Slavonije",tradicionalni-suhomesnati-proizvodi-slavonije,draft,https://drycured.com/?post_type=dry_recipe&p=1996,HR-TRADICIONALNI_SUHOMESNATI_PROIZVODI_SLAVON-0021,17,NEEDS_CLASSIFICATION,DRAFT_REVIEW,11,no,no,no,no,,hr-,,,
1997,"Etnografska studija kulinarskog naslijeđa",etnografska-studija-kulinarskog-naslijeda,draft,https://drycured.com/?post_type=dry_recipe&p=1997,HR-ETNOGRAFSKA_STUDIJA_KULINARSKOG_NASLIJE_A-0022,17,NEEDS_CLASSIFICATION,DRAFT_REVIEW,11,no,no,no,no,,hr-,,,
1998,"Tradicionalni suhomesnati proizvodi",tradicionalni-suhomesnati-proizvodi,draft,https://drycured.com/?post_type=dry_recipe&p=1998,HR-TRADICIONALNI_SUHOMESNATI_PROIZVODI-0023,17,NEEDS_CLASSIFICATION,DRAFT_REVIEW,11,no,no,no,no,,hr-,,,
2224,"Domaći pršut",hr-cjp-prs-001,draft,https://drycured.com/?post_type=dry_recipe&p=2224,HR-CJP-PRS-001,17,WHOLE_CUT,DRAFT_REVIEW,11,no,no,no,no,,hr-,,,
2225,"Suha šunka",hr-cjp-sun-001,draft,https://drycured.com/?post_type=dry_recipe&p=2225,HR-CJP-SUN-001,17,WHOLE_CUT,DRAFT_REVIEW,11,no,no,no,no,,hr-,,,
2226,"Suha lopatica / plećka",hr-cjp-ple-001,draft,https://drycured.com/?post_type=dry_recipe&p=2226,HR-CJP-PLE-001,17,WHOLE_CUT,DRAFT_REVIEW,11,no,no,no,no,,hr-,,,
2227,"Svinjska rolanka",hr-cjp-rol-001,draft,https://drycured.com/?post_type=dry_recipe&p=2227,HR-CJP-ROL-001,17,NEEDS_CLASSIFICATION,DRAFT_REVIEW,11,no,no,no,no,,hr-,,,
2229,"Suha vratina",hr-cjp-vra-001,draft,https://drycured.com/?post_type=dry_recipe&p=2229,HR-CJP-VRA-001,17,WHOLE_CUT,DRAFT_REVIEW,11,no,no,no,no,,hr-,,,
2231,"Suha rebra",hr-cjp-reb-001,draft,https://drycured.com/?post_type=dry_recipe&p=2231,HR-CJP-REB-001,17,WHOLE_CUT,DRAFT_REVIEW,11,no,no,no,no,,hr-,,,
2232,"Suhe koljenice",hr-cjp-kol-001,draft,https://drycured.com/?post_type=dry_recipe&p=2232,HR-CJP-KOL-001,17,NEEDS_CLASSIFICATION,DRAFT_REVIEW,11,no,no,no,no,,hr-,,,
2233,"Suhe nogice i rep",hr-cjp-nor-001,draft,https://drycured.com/?post_type=dry_recipe&p=2233,HR-CJP-NOR-001,17,NEEDS_CLASSIFICATION,DRAFT_REVIEW,11,no,no,no,no,,hr-,,,
2235,"Domaće Svinjske Kobasice",hr-rec-001,draft,https://drycured.com/?post_type=dry_recipe&p=2235,HR-REC-001,17,GROUND_MEAT_OR_CASING,DRAFT_REVIEW,11,no,no,no,no,,hr-,,,
2236,"Domaće Slaninske Kobasice",hr-rec-002,draft,https://drycured.com/?post_type=dry_recipe&p=2236,HR-REC-002,17,GROUND_MEAT_OR_CASING,DRAFT_REVIEW,11,no,no,no,no,,hr-,,,
2237,"Slavonske Kobasice",hr-rec-003,draft,https://drycured.com/?post_type=dry_recipe&p=2237,HR-REC-003,17,GROUND_MEAT_OR_CASING,DRAFT_REVIEW,11,no,no,no,no,,hr-,,,
2238,"Velikogoričke Kobasice",hr-rec-004,draft,https://drycured.com/?post_type=dry_recipe&p=2238,HR-REC-004,17,GROUND_MEAT_OR_CASING,DRAFT_REVIEW,11,no,no,no,no,,hr-,,,
2239,"Kranjske Kobasice",hr-rec-005,draft,https://drycured.com/?post_type=dry_recipe&p=2239,HR-REC-005,17,GROUND_MEAT_OR_CASING,DRAFT_REVIEW,11,no,no,no,no,,hr-,,,
2240,"Ratarske Kobasice",hr-rec-006,draft,https://drycured.com/?post_type=dry_recipe&p=2240,HR-REC-006,17,GROUND_MEAT_OR_CASING,DRAFT_REVIEW,11,no,no,no,no,,hr-,,,
2241,"Turopoljske Kobasice",hr-rec-007,draft,https://drycured.com/?post_type=dry_recipe&p=2241,HR-REC-007,17,GROUND_MEAT_OR_CASING,DRAFT_REVIEW,11,no,no,no,no,,hr-,,,
2242,"Prokupljanske Kobasice",hr-rec-008,draft,https://drycured.com/?post_type=dry_recipe&p=2242,HR-REC-008,17,GROUND_MEAT_OR_CASING,DRAFT_REVIEW,11,no,no,no,no,,hr-,,,
2243,"Vinogradarske Kobasice",hr-rec-009,draft,https://drycured.com/?post_type=dry_recipe&p=2243,HR-REC-009,17,GROUND_MEAT_OR_CASING,DRAFT_REVIEW,11,no,no,no,no,,hr-,,,
2244,"Šestinske Kobasice",hr-rec-010,draft,https://drycured.com/?post_type=dry_recipe&p=2244,HR-REC-010,17,GROUND_MEAT_OR_CASING,DRAFT_REVIEW,11,no,no,no,no,,hr-,,,
2245,"Gračanske Kobasice",hr-rec-011,draft,https://drycured.com/?post_type=dry_recipe&p=2245,HR-REC-011,17,GROUND_MEAT_OR_CASING,DRAFT_REVIEW,11,no,no,no,no,,hr-,,,
2246,"Horgoške Kobasice",hr-rec-012,draft,https://drycured.com/?post_type=dry_recipe&p=2246,HR-REC-012,17,GROUND_MEAT_OR_CASING,DRAFT_REVIEW,11,no,no,no,no,,hr-,,,
2247,"Uskrsne Kobasice",hr-rec-013,draft,https://drycured.com/?post_type=dry_recipe&p=2247,HR-REC-013,17,GROUND_MEAT_OR_CASING,DRAFT_REVIEW,11,no,no,no,no,,hr-,,,
2248,"Kukuruzne Kobasice",hr-rec-014,draft,https://drycured.com/?post_type=dry_recipe&p=2248,HR-REC-014,17,GROUND_MEAT_OR_CASING,DRAFT_REVIEW,11,no,no,no,no,,hr-,,,
2249,"Primorske Kobasice",hr-rec-015,draft,https://drycured.com/?post_type=dry_recipe&p=2249,HR-REC-015,17,GROUND_MEAT_OR_CASING,DRAFT_REVIEW,11,no,no,no,no,,hr-,,,
2251,"Podravske Kobasice",hr-rec-017,draft,https://drycured.com/?post_type=dry_recipe&p=2251,HR-REC-017,17,GROUND_MEAT_OR_CASING,DRAFT_REVIEW,11,no,no,no,no,,hr-,,,
2252,"Proljetne Kobasice",hr-rec-018,draft,https://drycured.com/?post_type=dry_recipe&p=2252,HR-REC-018,17,GROUND_MEAT_OR_CASING,DRAFT_REVIEW,11,no,no,no,no,,hr-,,,
2253,"Ljetne Kobasice",hr-rec-019,draft,https://drycured.com/?post_type=dry_recipe&p=2253,HR-REC-019,17,GROUND_MEAT_OR_CASING,DRAFT_REVIEW,11,no,no,no,no,,hr-,,,
2254,"Đakovačke Kobasice",hr-rec-020,draft,https://drycured.com/?post_type=dry_recipe&p=2254,HR-REC-020,17,GROUND_MEAT_OR_CASING,DRAFT_REVIEW,11,no,no,no,no,,hr-,,,
2255,"Ličke Kobasice",hr-rec-021,draft,https://drycured.com/?post_type=dry_recipe&p=2255,HR-REC-021,17,GROUND_MEAT_OR_CASING,DRAFT_REVIEW,11,no,no,no,no,,hr-,,,
2256,"Istarske Kobasice",hr-rec-022,draft,https://drycured.com/?post_type=dry_recipe&p=2256,HR-REC-022,17,GROUND_MEAT_OR_CASING,DRAFT_REVIEW,11,no,no,no,no,,hr-,,,
2257,"Pokupske Kobasice",hr-rec-023,draft,https://drycured.com/?post_type=dry_recipe&p=2257,HR-REC-023,17,GROUND_MEAT_OR_CASING,DRAFT_REVIEW,11,no,no,no,no,,hr-,,,
2258,"Ljute Kobasice",hr-rec-024,draft,https://drycured.com/?post_type=dry_recipe&p=2258,HR-REC-024,17,GROUND_MEAT_OR_CASING,DRAFT_REVIEW,11,no,no,no,no,,hr-,,,
2259,"Salaške Kobasice",hr-rec-025,draft,https://drycured.com/?post_type=dry_recipe&p=2259,HR-REC-025,17,GROUND_MEAT_OR_CASING,DRAFT_REVIEW,11,no,no,no,no,,hr-,,,
2261,"Slatinske Kobasice",hr-rec-027,draft,https://drycured.com/?post_type=dry_recipe&p=2261,HR-REC-027,17,GROUND_MEAT_OR_CASING,DRAFT_REVIEW,11,no,no,no,no,,hr-,,,
2262,"Kolinjske Kobasice",hr-rec-028,draft,https://drycured.com/?post_type=dry_recipe&p=2262,HR-REC-028,17,GROUND_MEAT_OR_CASING,DRAFT_REVIEW,11,no,no,no,no,,hr-,,,
2263,"Velebitske Kobasice",hr-rec-029,draft,https://drycured.com/?post_type=dry_recipe&p=2263,HR-REC-029,17,GROUND_MEAT_OR_CASING,DRAFT_REVIEW,11,no,no,no,no,,hr-,,,
2264,"Pučke Kobasice",hr-rec-030,draft,https://drycured.com/?post_type=dry_recipe&p=2264,HR-REC-030,17,GROUND_MEAT_OR_CASING,DRAFT_REVIEW,11,no,no,no,no,,hr-,,,
2265,"Domaće Kratke Kobasice",hr-rec-031,draft,https://drycured.com/?post_type=dry_recipe&p=2265,HR-REC-031,17,GROUND_MEAT_OR_CASING,DRAFT_REVIEW,11,no,no,no,no,,hr-,,,
2266,"Zagorske Kobasice",hr-rec-032,draft,https://drycured.com/?post_type=dry_recipe&p=2266,HR-REC-032,17,GROUND_MEAT_OR_CASING,DRAFT_REVIEW,11,no,no,no,no,,hr-,,,
2267,"Roštilj Kobasice",hr-rec-033,draft,https://drycured.com/?post_type=dry_recipe&p=2267,HR-REC-033,17,GROUND_MEAT_OR_CASING,DRAFT_REVIEW,11,no,no,no,no,,hr-,,,
2268,"Seljačke Kobasice",hr-rec-034,draft,https://drycured.com/?post_type=dry_recipe&p=2268,HR-REC-034,17,GROUND_MEAT_OR_CASING,DRAFT_REVIEW,11,no,no,no,no,,hr-,,,
2269,"Starogradske Kobasice",hr-rec-035,draft,https://drycured.com/?post_type=dry_recipe&p=2269,HR-REC-035,17,GROUND_MEAT_OR_CASING,DRAFT_REVIEW,11,no,no,no,no,,hr-,,,
2270,"Začinske Kobasice",hr-rec-036,draft,https://drycured.com/?post_type=dry_recipe&p=2270,HR-REC-036,17,GROUND_MEAT_OR_CASING,DRAFT_REVIEW,11,no,no,no,no,,hr-,,,
2271,"Pivske Kobasice",hr-rec-037,draft,https://drycured.com/?post_type=dry_recipe&p=2271,HR-REC-037,17,GROUND_MEAT_OR_CASING,DRAFT_REVIEW,11,no,no,no,no,,hr-,,,
2272,"Gurmanske Kobasice",hr-rec-038,draft,https://drycured.com/?post_type=dry_recipe&p=2272,HR-REC-038,17,GROUND_MEAT_OR_CASING,DRAFT_REVIEW,11,no,no,no,no,,hr-,,,
2273,"Domaći Kulin",hr-rec-039,draft,https://drycured.com/?post_type=dry_recipe&p=2273,HR-REC-039,17,NEEDS_CLASSIFICATION,DRAFT_REVIEW,11,no,no,no,no,,hr-,,,
2274,"Kulinova Seka",hr-rec-040,draft,https://drycured.com/?post_type=dry_recipe&p=2274,HR-REC-040,17,NEEDS_CLASSIFICATION,DRAFT_REVIEW,11,no,no,no,no,,hr-,,,
2276,"Domaća Salama",hr-rec-042,draft,https://drycured.com/?post_type=dry_recipe&p=2276,HR-REC-042,17,GROUND_MEAT_OR_CASING,DRAFT_REVIEW,11,no,no,no,no,,hr-,,,
2277,"Baranjska Salama",hr-rec-043,draft,https://drycured.com/?post_type=dry_recipe&p=2277,HR-REC-043,17,GROUND_MEAT_OR_CASING,DRAFT_REVIEW,11,no,no,no,no,,hr-,,,
2279,"Domaće Pečenice",hr-rec-045,draft,https://drycured.com/?post_type=dry_recipe&p=2279,HR-REC-045,17,NEEDS_CLASSIFICATION,DRAFT_REVIEW,11,no,no,no,no,,hr-,,,
2280,"Goriške Pečenice",hr-rec-046,draft,https://drycured.com/?post_type=dry_recipe&p=2280,HR-REC-046,17,NEEDS_CLASSIFICATION,DRAFT_REVIEW,11,no,no,no,no,,hr-,,,
2281,"Obiteljske Pečenice",hr-rec-047,draft,https://drycured.com/?post_type=dry_recipe&p=2281,HR-REC-047,17,NEEDS_CLASSIFICATION,DRAFT_REVIEW,11,no,no,no,no,,hr-,,,
2282,"Seoske Pečenice",hr-rec-048,draft,https://drycured.com/?post_type=dry_recipe&p=2282,HR-REC-048,17,NEEDS_CLASSIFICATION,DRAFT_REVIEW,11,no,no,no,no,,hr-,,,
2283,"Krepke Pečenice",hr-rec-049,draft,https://drycured.com/?post_type=dry_recipe&p=2283,HR-REC-049,17,NEEDS_CLASSIFICATION,DRAFT_REVIEW,11,no,no,no,no,,hr-,,,
2284,"Dijetne Pečenice",hr-rec-050,draft,https://drycured.com/?post_type=dry_recipe&p=2284,HR-REC-050,17,NEEDS_CLASSIFICATION,DRAFT_REVIEW,11,no,no,no,no,,hr-,,,
2285,"Alpske Pečenice",hr-rec-051,draft,https://drycured.com/?post_type=dry_recipe&p=2285,HR-REC-051,17,NEEDS_CLASSIFICATION,DRAFT_REVIEW,11,no,no,no,no,,hr-,,,
2286,"Domaće Krvavice",hr-rec-052,draft,https://drycured.com/?post_type=dry_recipe&p=2286,HR-REC-052,17,NEEDS_CLASSIFICATION,DRAFT_REVIEW,11,no,no,no,no,,hr-,,,
2287,"Zagorske Krvavice",hr-rec-053,draft,https://drycured.com/?post_type=dry_recipe&p=2287,HR-REC-053,17,NEEDS_CLASSIFICATION,DRAFT_REVIEW,11,no,no,no,no,,hr-,,,
2289,"Domaće Bijele Krvavice",hr-rec-055,draft,https://drycured.com/?post_type=dry_recipe&p=2289,HR-REC-055,17,NEEDS_CLASSIFICATION,DRAFT_REVIEW,11,no,no,no,no,,hr-,,,
2290,"Pikantne Krvavice",hr-rec-056,draft,https://drycured.com/?post_type=dry_recipe&p=2290,HR-REC-056,17,NEEDS_CLASSIFICATION,DRAFT_REVIEW,11,no,no,no,no,,hr-,,,
2291,"Dijetne Krvavice",hr-rec-057,draft,https://drycured.com/?post_type=dry_recipe&p=2291,HR-REC-057,17,NEEDS_CLASSIFICATION,DRAFT_REVIEW,11,no,no,no,no,,hr-,,,
2292,"Međimurske Crne Čurke",hr-rec-058,draft,https://drycured.com/?post_type=dry_recipe&p=2292,HR-REC-058,17,NEEDS_CLASSIFICATION,DRAFT_REVIEW,11,no,no,no,no,,hr-,,,
2293,"Turopoljske Devenice",hr-rec-059,draft,https://drycured.com/?post_type=dry_recipe&p=2293,HR-REC-059,17,NEEDS_CLASSIFICATION,DRAFT_REVIEW,11,no,no,no,no,,hr-,,,
2294,"Domaće Tlačenice",hr-rec-060,draft,https://drycured.com/?post_type=dry_recipe&p=2294,HR-REC-060,17,NEEDS_CLASSIFICATION,DRAFT_REVIEW,11,no,no,no,no,,hr-,,,
2295,"Domaće Jetrenjače",hr-rec-061,draft,https://drycured.com/?post_type=dry_recipe&p=2295,HR-REC-061,17,NEEDS_CLASSIFICATION,DRAFT_REVIEW,11,no,no,no,no,,hr-,,,
2859,"IstARSKA KOBASICA",istarska-kobasica-2,draft,https://drycured.com/?post_type=dry_recipe&p=2859,DRY--5423F8C7,7,GROUND_MEAT_OR_CASING,DRAFT_REVIEW,11,no,no,no,no,,,istarska,"istarska kobasica",
2981,"Slavonska kobasica (ZOI EU 2023)",hr-sl-010-slavonska-kobasica-zoi-eu-2023,publish,https://drycured.com/recepti-baza/hr-sl-010-slavonska-kobasica-zoi-eu-2023/,HR-SL-010,55,THERMAL_PROCESSED,REFERENCE_OR_ALREADY_STRUCTURED,3,yes,yes,yes,no,,"hrvatska; hrvatsko; hr-","slavonija; slavonski; slavonska; srijem","slavonski kulen; slavonska kobasica; kulen; slanina",
2972,"Slavonski kulen (PDO EU)",hr-sl-001-slavonski-kulen-pdo-eu,publish,https://drycured.com/recepti-baza/hr-sl-001-slavonski-kulen-pdo-eu/,HR-SL-001,54,THERMAL_PROCESSED,REFERENCE_OR_ALREADY_STRUCTURED,3,yes,yes,yes,no,,"hrvatska; hrvatski; hr-","slavonija; slavonski; slavonska; baranja; srijem","slavonski kulen; kulen; slanina",
2976,"Slavonska domaća kobasica",hr-sl-005-slavonska-domaca-kobasica,publish,https://drycured.com/recepti-baza/hr-sl-005-slavonska-domaca-kobasica/,HR-SL-005,54,THERMAL_PROCESSED,REFERENCE_OR_ALREADY_STRUCTURED,3,yes,yes,yes,no,,"hrvatska; hr-","slavonija; slavonski; slavonska; srijem","slavonski kulen; slavonska kobasica; kulen; domaća kobasica; slanina",
3524,"PREVIEW CANON — Slavonska domaća kobasica",preview-canon-preview-canon-slavonska-kobasica-src-2976,private,https://drycured.com/?post_type=dry_recipe&p=3524,HR-SL-005,46,THERMAL_PROCESSED,REFERENCE_OR_ALREADY_STRUCTURED,3,yes,yes,yes,no,,"hrvatska; hr-","slavonija; slavonski; slavonska; srijem","slavonska kobasica; domaća kobasica; slanina",
