post_id,title,url,code,country,category,process,issue_fish_in_meat_context,issue_cheese_in_meat_context,issue_generic_swine_fish_combo,issue_wrong_no_casing_for_sausage,issue_casing_for_whole_cut,issue_generic_text,issue_dirty_title,issue_type_sir,issue_review_food_group,issue_count,recommendation
1982,"FINOCCHIONA TOSCANA",https://drycured.com/recepti-baza/finocchiona-toscana/,MD-FINOCCHIONA_TOSCANA,Italija,"suha salama","mljevenje + punjenje + fermentacija/zrenje",YES,NO,YES,NO,NO,NO,NO,NO,NO,2,AUTO_FIX_RENDER_TEXT
1983,"PROSCIUTTO DI SAN DANIELE",https://drycured.com/recepti-baza/prosciutto-di-san-daniele/,MD-PROSCIUTTO_DI_SAN_DANIELE,Italija,"sušeni zreli sir","soljenje + dugo zrenje",YES,YES,YES,NO,YES,YES,NO,YES,NO,6,AUTO_FIX_RENDER_TEXT
1984,"NDUJA CALABRESE",https://drycured.com/recepti-baza/nduja-calabrese/,MD-NDUJA_CALABRESE,Italija,"Suha kobasica","fermentacija + sušenje + zrenje",YES,NO,YES,NO,NO,NO,NO,NO,NO,2,AUTO_FIX_RENDER_TEXT
1986,"LARDO DI COLONNATA",https://drycured.com/recepti-baza/lardo-di-colonnata/,MD-LARDO_DI_COLONNATA,Italija,"sazrela svinjska leđna mast","soljenje + začini + zrenje u mramornim posudama",YES,NO,YES,NO,YES,YES,NO,NO,NO,4,AUTO_FIX_RENDER_TEXT
1988,"SOPPRESSA VICENTINA",https://drycured.com/recepti-baza/soppressa-vicentina/,MD-SOPPRESSA_VICENTINA,Hrvatska,"suhomesnati proizvod","fermentacija + sušenje + zrenje",YES,NO,YES,NO,NO,YES,NO,NO,NO,3,AUTO_FIX_RENDER_TEXT
1990,"SALAME DI FELINO",https://drycured.com/recepti-baza/salame-di-felino/,MD-SALAME_DI_FELINO,Italija,"suha salama","fermentacija + sušenje + zrenje",YES,NO,YES,NO,NO,NO,NO,NO,NO,2,AUTO_FIX_RENDER_TEXT
1991,"GUANCIALE ROMANO",https://drycured.com/recepti-baza/guanciale-romano/,MD-GUANCIALE_ROMANO,Hrvatska,"suhomesnati proizvod","sušenje + zrenje + soljenje/salamurenje",YES,NO,YES,NO,NO,YES,NO,NO,NO,3,AUTO_FIX_RENDER_TEXT
2018,"Irska salama (Spiced Irish Salami)",https://drycured.com/recepti-baza/irska-salama-spiced-irish-salami/,MD-IRSKA_SALAMA_SPICED_IRISH_SALAMI,Irska,"suha salama","fermentacija + sušenje",YES,NO,YES,NO,NO,NO,NO,NO,NO,2,AUTO_FIX_RENDER_TEXT
2021,"Cumberland kobasica",https://drycured.com/recepti-baza/cumberland-kobasica/,MD-CUMBERLAND_KOBASICA,Hrvatska,"Suha kobasica",sušenje,YES,NO,YES,NO,NO,NO,NO,NO,NO,2,AUTO_FIX_RENDER_TEXT
2023,"?? Grčki tradicionalni recept - Loukaniko",https://drycured.com/recepti-baza/grcki-tradicionalni-recept-loukaniko/,MD-GRCKI_TRADICIONALNI_RECEPT_LOUKANIKO,Grčka,"suhomesnati proizvod",Sušeno,NO,NO,NO,YES,NO,YES,YES,NO,NO,3,AUTO_FIX_RENDER_TEXT
2026,"?? Španjolski recept za chorizo",https://drycured.com/recepti-baza/spanjolski-recept-za-chorizo/,MD-SPANJOLSKI_RECEPT_ZA_CHORIZO,Španjolska,"Suha kobasica",Dimljeno,NO,NO,NO,NO,NO,NO,YES,NO,NO,1,AUTO_FIX_RENDER_TEXT
2028,"Češki Špekáček (Špek Kobasica)",https://drycured.com/recepti-baza/ceski-spekacek-spek-kobasica/,MD-CESKI_SPEKACEK_SPEK_KOBASICA,Češka,"Suha kobasica",sušenje,NO,NO,NO,NO,NO,NO,NO,NO,NO,0,OK_CONTENT_BASIC
2029,"JAMBON DE BAYONNE",https://drycured.com/recepti-baza/jambon-de-bayonne/,MD-JAMBON_DE_BAYONNE,Francuska,"Pršut | sušena šunka","soljenje + sušenje + zrenje",YES,NO,YES,NO,NO,NO,NO,NO,NO,2,AUTO_FIX_RENDER_TEXT
2032,"Coppa (Kapula)",https://drycured.com/recepti-baza/coppa-kapula/,MD-COPPA_KAPULA,Francuska,"suhomesnati proizvod","fermentacija + sušenje",YES,NO,YES,NO,NO,YES,NO,NO,NO,3,AUTO_FIX_RENDER_TEXT
2033,"Andouille de Guémené",https://drycured.com/recepti-baza/andouille-de-guemene/,MD-ANDOUILLE_DE_GUEMENE,Francuska,"suhomesnati proizvod","dimljenje + sušenje",YES,NO,YES,NO,NO,YES,NO,NO,NO,3,AUTO_FIX_RENDER_TEXT
2039,"Ukrajinska Domashnia Kovbasa (Domaća Kobasica)",https://drycured.com/recepti-baza/ukrajinska-domashnia-kovbasa-domaca-kobasica/,MD-UKRAJINSKA_DOMASHNIA_KOVBASA_DOMACA_KOBASICA,Ukrajina,"Suha kobasica","dimljenje + sušenje + zrenje",NO,NO,NO,NO,NO,NO,NO,NO,NO,0,OK_CONTENT_BASIC
2042,"BALMOȘ CU SLANINĂ (PALENTA SA SLANINOM)",https://drycured.com/recepti-baza/balmos-cu-slanina-palenta-sa-slaninom/,MD-BALMO_CU_SLANIN_PALENTA_SA_SLANINOM,Hrvatska,"Sušeni dimljeni cijeli komad","dimljenje + sušenje + soljenje/salamurenje",YES,NO,NO,NO,NO,NO,NO,NO,NO,1,AUTO_FIX_RENDER_TEXT
2043,"PFÄLZER SAUMAGEN (FALAČKA SVINJSKA ŽELUDAC-KOBASICA)",https://drycured.com/recepti-baza/pfalzer-saumagen-falacka-svinjska-zeludac-kobasica/,MD-PFALZER_SAUMAGEN_FALACKA_SVINJSKA_ZELUDAC_KOBASICA,Hrvatska,"Suha kobasica","Sušeno | za kuhanje",NO,NO,NO,NO,NO,NO,NO,NO,NO,0,OK_CONTENT_BASIC
2047,"Domaći Bratwurst",https://drycured.com/recepti-baza/domaci-bratwurst/,MD-DOMACI_BRATWURST,Njemačka,"Sušeni dimljeni cijeli komad",Sušeno,NO,NO,NO,YES,NO,NO,NO,NO,NO,1,AUTO_FIX_RENDER_TEXT
2049,"Hausmacher Mettwurst (Domaća dimljena kobasica za mazanje)",https://drycured.com/recepti-baza/hausmacher-mettwurst-domaca-dimljena-kobasica-za-mazanje/,MD-HAUSMACHER_METTWURST_DOMACA_DIMLJENA_KOBASICA_ZA_MAZANJE,Njemačka,"Suha kobasica",dimljenje,NO,NO,NO,NO,NO,NO,NO,NO,NO,0,OK_CONTENT_BASIC
2051,"ŠKOTSKI LORNE SAUSAGE (ČETVRTASTI KOBASIČASTI ODREZAK)",https://drycured.com/recepti-baza/skotski-lorne-sausage-cetvrtasti-kobasicasti-odrezak/,MD-SKOTSKI_LORNE_SAUSAGE_CETVRTASTI_KOBASICASTI_ODREZAK,Škotska,"Suha kobasica",Sušeno,NO,NO,NO,NO,NO,NO,NO,NO,NO,0,OK_CONTENT_BASIC
2052,"Jamón Ibérico de Bellota - Iberijski Pršut od Žira",https://drycured.com/recepti-baza/jamon-iberico-de-bellota-iberijski-prsut-od-zira/,MD-JAMON_IBERICO_DE_BELLOTA_IBERIJSKI_PRSUT_OD_ZIRA,Španjolska,"Pršut | sušena šunka","sušenje + zrenje + soljenje/salamurenje",YES,NO,YES,NO,YES,NO,NO,NO,NO,3,AUTO_FIX_RENDER_TEXT
2053,"Chorizo de Pamplona - Čorizo iz Pamplone",https://drycured.com/recepti-baza/chorizo-de-pamplona-corizo-iz-pamplone/,MD-CHORIZO_DE_PAMPLONA_CORIZO_IZ_PAMPLONE,Španjolska,"Suha kobasica","fermentacija + sušenje + zrenje",YES,NO,YES,NO,NO,NO,NO,NO,NO,2,AUTO_FIX_RENDER_TEXT
2055,"Coppa Piacentina - Piacentinska Coppa",https://drycured.com/recepti-baza/coppa-piacentina-piacentinska-coppa/,MD-COPPA_PIACENTINA_PIACENTINSKA_COPPA,Italija,"coppa | sušeni svinjski vrat","soljenje + zrenje",YES,NO,YES,NO,NO,YES,NO,NO,NO,3,AUTO_FIX_RENDER_TEXT
2056,"Nduja Calabrese - Kalabrijska Nduja",https://drycured.com/recepti-baza/nduja-calabrese-kalabrijska-nduja/,MD-NDUJA_CALABRESE_KALABRIJSKA_NDUJA,Italija,"Sušeni dimljeni cijeli komad","fermentacija + sušenje + zrenje",YES,NO,YES,NO,NO,NO,NO,NO,NO,2,AUTO_FIX_RENDER_TEXT
2057,"Bresaola Valtellinese - Valtelinska Bresaola",https://drycured.com/recepti-baza/bresaola-valtellinese-valtelinska-bresaola/,MD-BRESAOLA_VALTELLINESE_VALTELINSKA_BRESAOLA,Italija,"Sušeni cijeli komad","soljenje + sušenje + zrenje",NO,NO,NO,NO,YES,NO,NO,NO,NO,1,AUTO_FIX_RENDER_TEXT
2058,"Guanciale Romano - Rimski Guanciale",https://drycured.com/recepti-baza/guanciale-romano-rimski-guanciale/,MD-GUANCIALE_ROMANO_RIMSKI_GUANCIALE,Hrvatska,"suhomesnati proizvod","sušenje + zrenje",YES,NO,YES,NO,NO,YES,NO,NO,NO,3,AUTO_FIX_RENDER_TEXT
2059,"SALAME MILANO - MILANSKA SALAMA",https://drycured.com/recepti-baza/salame-milano-milanska-salama/,MD-SALAME_MILANO_MILANSKA_SALAMA,Italija,"suha salama",,YES,NO,NO,NO,NO,NO,NO,NO,NO,1,AUTO_FIX_RENDER_TEXT
2060,"SOPPRESSATA CALABRESE - KALABRIJSKA SOPPRESSATA",https://drycured.com/recepti-baza/soppressata-calabrese-kalabrijska-soppressata/,MD-SOPPRESSATA_CALABRESE_KALABRIJSKA_SOPPRESSATA,Hrvatska,"suhomesnati proizvod","sušenje + zrenje",YES,NO,YES,NO,NO,YES,NO,NO,NO,3,AUTO_FIX_RENDER_TEXT
2061,"PROSCIUTTO DI PARMA - PARMSKA ŠUNKA",https://drycured.com/recepti-baza/prosciutto-di-parma-parmska-sunka/,MD-PROSCIUTTO_DI_PARMA_PARMSKA_SUNKA,Italija,"sušeni zreli sir","soljenje + dugo zrenje",YES,YES,YES,NO,YES,YES,NO,YES,NO,6,AUTO_FIX_RENDER_TEXT
2062,"PANCETTA ARROTOLATA - ROLANA PANCETA",https://drycured.com/recepti-baza/pancetta-arrotolata-rolana-panceta/,MD-PANCETTA_ARROTOLATA_ROLANA_PANCETA,Hrvatska,"Sušeni dimljeni cijeli komad",,YES,NO,NO,NO,YES,NO,NO,NO,NO,2,AUTO_FIX_RENDER_TEXT
2063,"FINOCCHIONA TOSCANA - TOSKANSKA KOBASICA S KOMORAČEM",https://drycured.com/recepti-baza/finocchiona-toscana-toskanska-kobasica-s-komoracem/,MD-FINOCCHIONA_TOSCANA_TOSKANSKA_KOBASICA_S_KOMORACEM,Italija,"suha salama","mljevenje + punjenje + fermentacija/zrenje",YES,NO,YES,NO,NO,NO,NO,NO,NO,2,AUTO_FIX_RENDER_TEXT
2072,"Njeguški pršut",https://drycured.com/recepti-baza/njeguski-prsut/,MD-NJEGUSKI_PRSUT,"Crna Gora","Pršut | sušena šunka",sušenje,YES,NO,YES,NO,YES,NO,NO,NO,NO,3,AUTO_FIX_RENDER_TEXT
2075,"Vrgorački kulen iz zaboravljenih recepata",https://drycured.com/recepti-baza/vrgoracki-kulen-iz-zaboravljenih-recepata/,MD-VRGORACKI_KULEN_IZ_ZABORAVLJENIH_RECEPATA,Hrvatska,"Kulen | trajna fermentirana kobasica","dimljenje + zrenje",NO,NO,NO,NO,NO,NO,NO,NO,NO,0,OK_CONTENT_BASIC
2076,"Senjska Morska Panceta ""Bura Intenzitet""",https://drycured.com/recepti-baza/senjska-morska-panceta-bura-intenzitet/,MD-SENJSKA_MORSKA_PANCETA_BURA_INTENZITET,Hrvatska,"Sušeni dimljeni cijeli komad",sušenje,YES,NO,YES,NO,YES,NO,NO,NO,NO,3,AUTO_FIX_RENDER_TEXT
2078,"ANDOUILLE DE VIRE",https://drycured.com/recepti-baza/andouille-de-vire/,MD-ANDOUILLE_DE_VIRE,Hrvatska,"Suha kobasica","dimljenje + sušenje + zrenje",YES,NO,YES,NO,NO,NO,NO,NO,NO,2,AUTO_FIX_RENDER_TEXT
2079,"COPPA CORSE",https://drycured.com/recepti-baza/coppa-corse/,MD-COPPA_CORSE,Italija,"suhomesnati proizvod","sušenje + zrenje",YES,NO,YES,NO,NO,YES,NO,NO,NO,3,AUTO_FIX_RENDER_TEXT
2080,"SAUCISSE DE MORTEAU",https://drycured.com/recepti-baza/saucisse-de-morteau/,MD-SAUCISSE_DE_MORTEAU,Francuska,"Suha kobasica","grubo sjeckanje + prirodno crijevo + dimljenje",YES,NO,YES,NO,NO,NO,NO,NO,NO,2,AUTO_FIX_RENDER_TEXT
2086,"Prekomurska Slaninska Rolada ""Trnčova""",https://drycured.com/recepti-baza/prekomurska-slaninska-rolada-trncova/,MD-PREKOMURSKA_SLANINSKA_ROLADA_TRNCOVA,Hrvatska,"Sušeni dimljeni cijeli komad","Dimljeno | Sušeno | Zrelo",NO,NO,NO,NO,NO,NO,NO,NO,NO,0,OK_CONTENT_BASIC
2088,"Koprivnička Kulen",https://drycured.com/recepti-baza/koprivnicka-kulen/,MD-KOPRIVNICKA_KULEN,Hrvatska,"Kulen | trajna fermentirana kobasica","Dimljeno | Sušeno",NO,NO,NO,NO,NO,NO,NO,NO,NO,0,OK_CONTENT_BASIC
2089,"KABANOSY (TANKE SUHE KOBASICE)",https://drycured.com/recepti-baza/kabanosy-tanke-suhe-kobasice/,MD-KABANOSY_TANKE_SUHE_KOBASICE,Poljska,"Suha kobasica","dimljenje + sušenje",NO,NO,NO,NO,NO,NO,NO,NO,NO,0,OK_CONTENT_BASIC
2092,"Crikvenička Panceta",https://drycured.com/recepti-baza/crikvenicka-panceta/,MD-CRIKVENICKA_PANCETA,Hrvatska,"Sušeni dimljeni cijeli komad",sušenje,YES,NO,YES,NO,YES,NO,NO,NO,NO,3,AUTO_FIX_RENDER_TEXT
2093,"Stara Koprivnička Salama ""Šokačka Priča""",https://drycured.com/recepti-baza/stara-koprivnicka-salama-sokacka-prica/,MD-STARA_KOPRIVNICKA_SALAMA_SOKACKA_PRICA,Hrvatska,"suha salama",Sušeno,YES,NO,NO,NO,NO,NO,NO,NO,NO,1,AUTO_FIX_RENDER_TEXT
2094,"Pitomački ""Divlji Kulen""",https://drycured.com/recepti-baza/pitomacki-divlji-kulen/,MD-PITOMACKI_DIVLJI_KULEN,Hrvatska,"Kulen | trajna fermentirana kobasica","Dimljeno | Sušeno",NO,NO,NO,NO,NO,NO,NO,NO,NO,0,OK_CONTENT_BASIC
2096,"SLĂNINĂ AFUMATĂ (Dimljena slanina)",https://drycured.com/recepti-baza/slanina-afumata-dimljena-slanina/,MD-SL_NIN_AFUMAT_DIMLJENA_SLANINA,Rumunjska,"Sušeni dimljeni cijeli komad","dimljenje + sušenje",YES,NO,YES,NO,YES,NO,NO,NO,NO,3,AUTO_FIX_RENDER_TEXT
2097,"CHIȘCĂ (Puhana želuca s krvlju)",https://drycured.com/recepti-baza/chisca-puhana-zeluca-s-krvlju/,MD-CHI_C_PUHANA_ZELUCA_S_KRVLJU,Hrvatska,"suhomesnati proizvod",,NO,NO,NO,NO,NO,YES,NO,NO,NO,1,AUTO_FIX_RENDER_TEXT
2100,"Miholjačka Začinska Salama",https://drycured.com/recepti-baza/miholjacka-zacinska-salama/,MD-MIHOLJACKA_ZACINSKA_SALAMA,Hrvatska,"suha salama","dimljenje + sušenje",NO,NO,NO,NO,NO,NO,NO,NO,NO,0,OK_CONTENT_BASIC
2101,"Vinkovački Slavonski Kulen - Stara obiteljska receptura",https://drycured.com/recepti-baza/vinkovacki-slavonski-kulen-stara-obiteljska-receptura/,MD-VINKOVACKI_SLAVONSKI_KULEN_STARA_OBITELJSKA_RECEPTURA,Hrvatska,"Kulen | trajna fermentirana kobasica","dimljenje + sušenje",YES,NO,YES,NO,NO,NO,NO,NO,NO,2,AUTO_FIX_RENDER_TEXT
2102,"Slovačka slanina (Slovenská slanina)",https://drycured.com/recepti-baza/slovacka-slanina-slovenska-slanina/,MD-SLOVACKA_SLANINA_SLOVENSKA_SLANINA,Slovačka,"Sušeni dimljeni cijeli komad","dimljenje + sušenje + soljenje/salamurenje",NO,NO,NO,NO,YES,NO,NO,NO,NO,1,AUTO_FIX_RENDER_TEXT
2103,"Kranjska klobasa (Kranjska kobasica)",https://drycured.com/recepti-baza/kranjska-klobasa-kranjska-kobasica/,MD-KRANJSKA_KLOBASA_KRANJSKA_KOBASICA,Slovenija,"Suha kobasica","mljevenje + punjenje + toplinska obrada/dimljenje prema specifikaciji",NO,NO,NO,NO,NO,NO,NO,NO,NO,0,OK_CONTENT_BASIC
2104,"Kraški pršut",https://drycured.com/recepti-baza/kraski-prsut/,MD-KRASKI_PRSUT,Slovenija,"Pršut | sušena šunka","suho soljenje + sušenje + zrenje",YES,NO,YES,NO,YES,NO,NO,NO,NO,3,AUTO_FIX_RENDER_TEXT
2106,"Gorenjska zaseka",https://drycured.com/recepti-baza/gorenjska-zaseka/,MD-GORENJSKA_ZASEKA,Hrvatska,"Sušeni dimljeni cijeli komad",zrenje,NO,NO,NO,NO,NO,NO,NO,NO,NO,0,OK_CONTENT_BASIC
2107,"Vipavska panceta",https://drycured.com/recepti-baza/vipavska-panceta/,MD-VIPAVSKA_PANCETA,Slovenija,"Sušeni dimljeni cijeli komad","dimljenje + sušenje + zrenje + soljenje/salamurenje",YES,NO,YES,NO,YES,NO,NO,NO,NO,3,AUTO_FIX_RENDER_TEXT
2108,"Tolminska salama",https://drycured.com/recepti-baza/tolminska-salama/,MD-TOLMINSKA_SALAMA,Hrvatska,"suha salama","fermentacija + dimljenje + sušenje + zrenje",NO,NO,NO,NO,NO,NO,NO,NO,NO,0,OK_CONTENT_BASIC
2110,"Crnogorska Slanina (Durmitorska panćeta)",https://drycured.com/recepti-baza/crnogorska-slanina-durmitorska-panceta/,MD-CRNOGORSKA_SLANINA_DURMITORSKA_PANCETA,"Crna Gora","Sušeni dimljeni cijeli komad","dimljenje + sušenje",YES,NO,YES,NO,YES,NO,NO,NO,NO,3,AUTO_FIX_RENDER_TEXT
2111,"LANDJÄGER (TRADICIONALNE DIMLJENE KOBASICE)",https://drycured.com/recepti-baza/landjager-tradicionalne-dimljene-kobasice/,MD-LANDJAGER_TRADICIONALNE_DIMLJENE_KOBASICE,Švicarska,"Suha kobasica","dimljenje + sušenje",YES,NO,YES,NO,NO,NO,NO,NO,NO,2,AUTO_FIX_RENDER_TEXT
2113,"VACHERIN FRIBOURGEOIS METTWURST (DIMLJENA KOBASICA S ALPSKIM SIROM)",https://drycured.com/recepti-baza/vacherin-fribourgeois-mettwurst-dimljena-kobasica-s-alpskim-sirom/,MD-VACHERIN_FRIBOURGEOIS_METTWURST_DIMLJENA_KOBASICA_S_ALPSKIM_SIROM,Švicarska,"Suha kobasica","dimljenje + sušenje",YES,NO,YES,NO,NO,NO,NO,NO,YES,3,REVIEW_CATEGORY_OR_SCOPE
2115,"BRESAOLA DELLA VALTELLINA",https://drycured.com/recepti-baza/bresaola-della-valtellina/,MD-BRESAOLA_DELLA_VALTELLINA,Italija,"Sušeni cijeli komad","soljenje + sušenje + zrenje",NO,NO,NO,NO,YES,NO,NO,NO,NO,1,AUTO_FIX_RENDER_TEXT
2116,"COPPA PIACENTINA",https://drycured.com/recepti-baza/coppa-piacentina/,MD-COPPA_PIACENTINA,Italija,"coppa | sušeni svinjski vrat","soljenje + zrenje",YES,NO,YES,NO,NO,YES,NO,NO,NO,3,AUTO_FIX_RENDER_TEXT
2353,"Pastërma (Albansko suho meso)",https://drycured.com/recepti-baza/pasterma-albansko-suho-meso/,MD-PASTERMA_ALBANSKO_SUHO_MESO,Albanija,"Sušeni cijeli komad","soljeno | Sušeno",NO,NO,NO,NO,NO,NO,NO,NO,NO,0,OK_CONTENT_BASIC
2355,"Proshuta Shqiptare – albanska pršuta",https://drycured.com/recepti-baza/proshuta-shqiptare-albanska-prsuta/,MD-PROSHUTA_SHQIPTARE_ALBANSKA_PRSUTA,Albanija,"Pršut | sušena šunka","suho soljeno | Sušeno | zreno",NO,NO,NO,NO,YES,NO,NO,NO,NO,1,AUTO_FIX_RENDER_TEXT
2359,"Vorarlberger Mostbröckle – vorarlberška dimljena govedina",https://drycured.com/recepti-baza/vorarlberger-mostbrockle-vorarlberska-dimljena-govedina/,MD-VORARLBERGER_MOSTBROCKLE_VORARLBERSKA_DIMLJENA_GOVEDINA,Austrija,"Sušeni dimljeni cijeli komad","Dimljeno | soljeno | Sušeno | zreno",NO,NO,NO,NO,NO,NO,NO,NO,NO,0,OK_CONTENT_BASIC
2398,"Traditionele Droge Worst (Klasična suha kobasica)",https://drycured.com/recepti-baza/traditionele-droge-worst-klasicna-suha-kobasica/,MD-TRADITIONELE_DROGE_WORST_KLASICNA_SUHA_KOBASICA,Hrvatska,"Suha kobasica",sušenje,YES,NO,YES,NO,NO,NO,NO,NO,NO,2,AUTO_FIX_RENDER_TEXT
2399,"Rookworst (Dimljena kobasica)",https://drycured.com/recepti-baza/rookworst-dimljena-kobasica/,MD-ROOKWORST_DIMLJENA_KOBASICA,Nizozemska,"Suha kobasica","dimljenje + sušenje",NO,NO,NO,NO,NO,NO,NO,NO,NO,0,OK_CONTENT_BASIC
2428,"Durmitorska kastradina",https://drycured.com/recepti-baza/durmitorska-kastradina/,MD-DURMITORSKA_KASTRADINA,"Crna Gora","Pršut | sušena šunka","Dimljeno | Sušeno",NO,NO,NO,NO,NO,NO,NO,NO,NO,0,OK_CONTENT_BASIC
2430,"Vasojevićka preukuša",https://drycured.com/recepti-baza/vasojevicka-preukusa/,MD-VASOJEVICKA_PREUKUSA,Hrvatska,"Suha kobasica",sušenje,NO,NO,NO,NO,NO,NO,NO,NO,NO,0,OK_CONTENT_BASIC
2432,"Kučka pršura",https://drycured.com/recepti-baza/kucka-prsura/,MD-KUCKA_PRSURA,Hrvatska,"suhomesnati proizvod",sušenje,YES,NO,NO,NO,NO,YES,NO,NO,NO,2,AUTO_FIX_RENDER_TEXT
2434,"Crnogorska kobasica",https://drycured.com/recepti-baza/crnogorska-kobasica/,MD-CRNOGORSKA_KOBASICA,"Crna Gora","Suha kobasica",sušenje,NO,NO,NO,NO,NO,NO,NO,NO,NO,0,OK_CONTENT_BASIC
2435,"Crnogorska stelja",https://drycured.com/recepti-baza/crnogorska-stelja/,MD-CRNOGORSKA_STELJA,"Crna Gora","suhomesnati proizvod",sušenje,YES,NO,NO,NO,NO,YES,NO,NO,NO,2,AUTO_FIX_RENDER_TEXT
2440,"Splitski Maestral Narezak",https://drycured.com/recepti-baza/splitski-maestral-narezak/,MD-SPLITSKI_MAESTRAL_NAREZAK,Hrvatska,"suhomesnati proizvod","dimljenje + sušenje + soljenje/salamurenje",YES,NO,YES,NO,NO,YES,NO,NO,NO,3,AUTO_FIX_RENDER_TEXT
2441,"Trogirski Zephyr",https://drycured.com/recepti-baza/trogirski-zephyr/,MD-TROGIRSKI_ZEPHYR,Irska,"suhomesnati proizvod","dimljenje + sušenje + soljenje/salamurenje",NO,NO,NO,NO,NO,YES,NO,NO,NO,1,AUTO_FIX_RENDER_TEXT
2442,"Makarski Jugo Narezak",https://drycured.com/recepti-baza/makarski-jugo-narezak/,MD-MAKARSKI_JUGO_NAREZAK,Hrvatska,"suhomesnati proizvod","dimljenje + sušenje + soljenje/salamurenje",YES,NO,YES,NO,NO,YES,NO,NO,NO,3,AUTO_FIX_RENDER_TEXT
2445,"Hvarski stolen (zaboravljena delicija)",https://drycured.com/recepti-baza/hvarski-stolen-zaboravljena-delicija/,MD-HVARSKI_STOLEN_ZABORAVLJENA_DELICIJA,Hrvatska,"suhomesnati proizvod","dimljenje + sušenje",YES,NO,NO,NO,NO,YES,NO,NO,NO,2,AUTO_FIX_RENDER_TEXT
2449,"Ribbenssteg (Danska dimljena svinjska rebra)",https://drycured.com/recepti-baza/ribbenssteg-danska-dimljena-svinjska-rebra/,MD-RIBBENSSTEG_DANSKA_DIMLJENA_SVINJSKA_REBRA,Danska,"suhomesnati proizvod","dimljenje + sušenje + soljenje/salamurenje",YES,NO,YES,NO,NO,YES,NO,NO,NO,3,AUTO_FIX_RENDER_TEXT
2450,"Bayonneskinke (Danska zasoljena i dimljena šunka)",https://drycured.com/recepti-baza/bayonneskinke-danska-zasoljena-i-dimljena-sunka/,MD-BAYONNESKINKE_DANSKA_ZASOLJENA_I_DIMLJENA_SUNKA,Francuska,"Pršut | sušena šunka","dimljenje + sušenje + soljenje/salamurenje",YES,NO,YES,NO,YES,NO,NO,NO,NO,3,AUTO_FIX_RENDER_TEXT
2456,"Spegeskinke (Danska sušena šunka)",https://drycured.com/recepti-baza/spegeskinke-danska-susena-sunka/,MD-SPEGESKINKE_DANSKA_SUSENA_SUNKA,Danska,"Pršut | sušena šunka","sušenje + soljenje/salamurenje",YES,NO,YES,NO,YES,NO,NO,NO,NO,3,AUTO_FIX_RENDER_TEXT
2458,"Crubeens (Salamurena i dimljena svinjska stopala)",https://drycured.com/recepti-baza/crubeens-salamurena-i-dimljena-svinjska-stopala/,MD-CRUBEENS_SALAMURENA_I_DIMLJENA_SVINJSKA_STOPALA,Irska,"suha salama","dimljenje + soljenje/salamurenje",YES,NO,YES,NO,NO,NO,NO,NO,NO,2,AUTO_FIX_RENDER_TEXT
2464,"StarohrvatskiMore-Kopno Salamet (Salama Maritima)",https://drycured.com/recepti-baza/starohrvatskimore-kopno-salamet-salama-maritima/,MD-STAROHRVATSKIMORE_KOPNO_SALAMET_SALAMA_MARITIMA,Italija,"suha salama","fermentacija + sušenje",YES,NO,YES,NO,NO,NO,NO,NO,NO,2,AUTO_FIX_RENDER_TEXT
2465,"Krčki Ovčji Dimljeni Raritet",https://drycured.com/recepti-baza/krcki-ovcji-dimljeni-raritet/,MD-KRCKI_OVCJI_DIMLJENI_RARITET,Hrvatska,"suhomesnati proizvod","dimljenje + zrenje",YES,NO,NO,NO,NO,YES,NO,NO,NO,2,AUTO_FIX_RENDER_TEXT
2466,"Kvarnerski Divovski Salamet",https://drycured.com/recepti-baza/kvarnerski-divovski-salamet/,MD-KVARNERSKI_DIVOVSKI_SALAMET,Italija,"suha salama","fermentacija + sušenje",YES,NO,NO,NO,NO,NO,NO,NO,NO,1,AUTO_FIX_RENDER_TEXT
2468,"Lincolnshire kobasica",https://drycured.com/recepti-baza/lincolnshire-kobasica/,MD-LINCOLNSHIRE_KOBASICA,Hrvatska,"Suha kobasica",sušenje,YES,NO,YES,NO,NO,NO,NO,NO,NO,2,AUTO_FIX_RENDER_TEXT
2470,"Bath Chaps (ukiseljene svinjske obrazine)",https://drycured.com/recepti-baza/bath-chaps-ukiseljene-svinjske-obrazine/,MD-BATH_CHAPS_UKISELJENE_SVINJSKE_OBRAZINE,Hrvatska,"suhomesnati proizvod","dimljenje + sušenje + soljenje/salamurenje",NO,NO,NO,NO,NO,YES,NO,NO,NO,1,AUTO_FIX_RENDER_TEXT
2474,"Tradicionalna engleska šunka (Wiltshire Ham)",https://drycured.com/recepti-baza/tradicionalna-engleska-sunka-wiltshire-ham/,MD-TRADICIONALNA_ENGLESKA_SUNKA_WILTSHIRE_HAM,Hrvatska,"Pršut | sušena šunka","dimljenje + sušenje + zrenje + soljenje/salamurenje",NO,NO,NO,NO,YES,NO,NO,NO,NO,1,AUTO_FIX_RENDER_TEXT
2476,"Engleski pork pie (svinjetina u tijestu)",https://drycured.com/recepti-baza/engleski-pork-pie-svinjetina-u-tijestu/,MD-ENGLESKI_PORK_PIE_SVINJETINA_U_TIJESTU,Hrvatska,"suhomesnati proizvod",soljenje/salamurenje,YES,NO,YES,NO,NO,YES,NO,NO,YES,4,REVIEW_CATEGORY_OR_SCOPE
2478,"Suitsink (Dimljena svinjska šunka)",https://drycured.com/recepti-baza/suitsink-dimljena-svinjska-sunka/,MD-SUITSINK_DIMLJENA_SVINJSKA_SUNKA,Estonija,"Pršut | sušena šunka","dimljenje + sušenje + soljenje/salamurenje",YES,NO,YES,NO,YES,NO,NO,NO,NO,3,AUTO_FIX_RENDER_TEXT
2480,"Talleliha (Polutrajno sušena govedina)",https://drycured.com/recepti-baza/talleliha-polutrajno-susena-govedina/,MD-TALLELIHA_POLUTRAJNO_SUSENA_GOVEDINA,Estonija,"Sušeni dimljeni cijeli komad","sušenje + zrenje + soljenje/salamurenje",NO,NO,NO,NO,NO,NO,NO,NO,NO,0,OK_CONTENT_BASIC
2481,"Sealiha õlis (Svinjsko meso u ulju)",https://drycured.com/recepti-baza/sealiha-olis-svinjsko-meso-u-ulju/,MD-SEALIHA_OLIS_SVINJSKO_MESO_U_ULJU,Hrvatska,"suhomesnati proizvod","sušenje + zrenje + soljenje/salamurenje",YES,NO,YES,NO,NO,YES,NO,NO,NO,3,AUTO_FIX_RENDER_TEXT
2501,"Slovačka Klobása (Slovenská Klobása)",https://drycured.com/recepti-baza/slovacka-klobasa-slovenska-klobasa/,MD-SLOVACKA_KLOBASA_SLOVENSKA_KLOBASA,Slovačka,"Suha kobasica","dimljenje + sušenje",NO,NO,NO,NO,NO,NO,NO,NO,NO,0,OK_CONTENT_BASIC
2503,"RIIPUTETTU HIRVENLIHA (SUHO-ZRELA JELENOVINA)",https://drycured.com/recepti-baza/riiputettu-hirvenliha-suho-zrela-jelenovina/,MD-RIIPUTETTU_HIRVENLIHA_SUHO_ZRELA_JELENOVINA,Finska,"suhomesnati proizvod","sušenje + zrenje + soljenje/salamurenje",YES,NO,NO,NO,NO,YES,NO,NO,NO,2,AUTO_FIX_RENDER_TEXT
2504,"SAVUSIIKA (DIMLJENI SIIKA - BIJELA RIBA)",https://drycured.com/recepti-baza/savusiika-dimljeni-siika-bijela-riba/,MD-SAVUSIIKA_DIMLJENI_SIIKA_BIJELA_RIBA,Finska,"dimljena riba","hladno dimljeno",NO,NO,NO,NO,NO,YES,NO,NO,YES,2,REVIEW_CATEGORY_OR_SCOPE
2505,"METSOPAISTI (SUHO-SALAMURENI TETRIJEB)",https://drycured.com/recepti-baza/metsopaisti-suho-salamureni-tetrijeb/,MD-METSOPAISTI_SUHO_SALAMURENI_TETRIJEB,Finska,"suha salama","dimljenje + sušenje + zrenje + soljenje/salamurenje",NO,NO,NO,NO,NO,NO,NO,NO,NO,0,OK_CONTENT_BASIC
2506,"LAMPAAN ILMAKUIVATTU KYLKI (ZRAČNO-SUŠENA JANJEĆJA PRSA)",https://drycured.com/recepti-baza/lampaan-ilmakuivattu-kylki-zracno-susena-janjecja-prsa/,MD-LAMPAAN_ILMAKUIVATTU_KYLKI_ZRACNO_SUSENA_JANJECJA_PRSA,Hrvatska,"suhomesnati proizvod","sušenje + zrenje + soljenje/salamurenje",YES,NO,NO,NO,NO,YES,NO,NO,NO,2,AUTO_FIX_RENDER_TEXT
2508,"SAVUPORONLIHA (DIMLJENO SOBOVO MESO)",https://drycured.com/recepti-baza/savuporonliha-dimljeno-sobovo-meso/,MD-SAVUPORONLIHA_DIMLJENO_SOBOVO_MESO,Finska,"suhomesnati proizvod","dimljenje + sušenje + zrenje + soljenje/salamurenje",YES,NO,NO,NO,NO,YES,NO,NO,NO,2,AUTO_FIX_RENDER_TEXT
2510,"ILMAKUIVATTU PORONPAISTI (ZRAČNO-SUŠENI SOBOV BUT)",https://drycured.com/recepti-baza/ilmakuivattu-poronpaisti-zracno-suseni-sobov-but/,MD-ILMAKUIVATTU_PORONPAISTI_ZRACNO_SUSENI_SOBOV_BUT,Finska,"suhomesnati proizvod","sušenje + soljenje/salamurenje",YES,NO,NO,NO,NO,YES,NO,NO,NO,2,AUTO_FIX_RENDER_TEXT
2511,"GRAAVILOHI (GRAVLAX - FINSKI MARINIRANI LOSOS)",https://drycured.com/recepti-baza/graavilohi-gravlax-finski-marinirani-losos/,MD-GRAAVILOHI_GRAVLAX_FINSKI_MARINIRANI_LOSOS,Finska,"marinirana/gravirana riba","sol + šećer + hladno odležavanje",NO,NO,NO,NO,NO,YES,NO,NO,YES,2,REVIEW_CATEGORY_OR_SCOPE
2513,"LONZO CORSE",https://drycured.com/recepti-baza/lonzo-corse/,MD-LONZO_CORSE,Francuska,"suhomesnati proizvod",sušenje,YES,NO,YES,NO,NO,YES,NO,NO,NO,3,AUTO_FIX_RENDER_TEXT
2525,"Dulse and Yellowman Bacon (Slanina s morskom travom)",https://drycured.com/recepti-baza/dulse-and-yellowman-bacon-slanina-s-morskom-travom/,MD-DULSE_AND_YELLOWMAN_BACON_SLANINA_S_MORSKOM_TRAVOM,Irska,"Sušeni dimljeni cijeli komad","dimljenje + sušenje + soljenje/salamurenje",YES,NO,YES,NO,YES,NO,NO,NO,NO,3,AUTO_FIX_RENDER_TEXT
2526,"Caillín Báin (Bieli spek - Irska verzija slanine sa začinima)",https://drycured.com/recepti-baza/caillin-bain-bieli-spek-irska-verzija-slanine-sa-zacinima/,MD-CAILLIN_BAIN_BIELI_SPEK_IRSKA_VERZIJA_SLANINE_SA_ZACINIMA,Irska,"suhomesnati proizvod","sušenje + soljenje/salamurenje",YES,NO,YES,NO,NO,YES,NO,NO,NO,3,AUTO_FIX_RENDER_TEXT
2527,"Marrowbone Roll (Rolana kobasica s koštanom srži)",https://drycured.com/recepti-baza/marrowbone-roll-rolana-kobasica-s-kostanom-srzi/,MD-MARROWBONE_ROLL_ROLANA_KOBASICA_S_KOSTANOM_SRZI,Hrvatska,"Suha kobasica",Kuhano,YES,NO,YES,NO,NO,NO,NO,NO,NO,2,AUTO_FIX_RENDER_TEXT
2529,"Irski soljena govedina (Corned Beef)",https://drycured.com/recepti-baza/irski-soljena-govedina-corned-beef/,MD-IRSKI_SOLJENA_GOVEDINA_CORNED_BEEF,Irska,"Sušeni dimljeni cijeli komad",soljenje/salamurenje,NO,NO,NO,NO,NO,NO,NO,NO,NO,0,OK_CONTENT_BASIC
2530,"Irska šunka u pivu (Beer-Cured Ham)",https://drycured.com/recepti-baza/irska-sunka-u-pivu-beer-cured-ham/,MD-IRSKA_SUNKA_U_PIVU_BEER_CURED_HAM,Hrvatska,"Pršut | sušena šunka",soljenje/salamurenje,YES,NO,YES,NO,YES,NO,NO,NO,NO,3,AUTO_FIX_RENDER_TEXT
2533,"Bjúgu (Islandska dimljena kobasica)",https://drycured.com/recepti-baza/bjugu-islandska-dimljena-kobasica/,MD-BJUGU_ISLANDSKA_DIMLJENA_KOBASICA,Island,"Suha kobasica","dimljenje + sušenje",YES,NO,NO,NO,NO,NO,NO,NO,NO,1,AUTO_FIX_RENDER_TEXT
2540,"Hrútspungar (Prešana janjeća muda)",https://drycured.com/recepti-baza/hrutspungar-presana-janjeca-muda/,MD-HRUTSPUNGAR_PRESANA_JANJECA_MUDA,Hrvatska,"suhomesnati proizvod","Kuhano | soljeno",YES,NO,NO,NO,NO,YES,NO,NO,NO,2,AUTO_FIX_RENDER_TEXT
2543,"Lundabaggar (Dimljena prskalina od janjetine)",https://drycured.com/recepti-baza/lundabaggar-dimljena-prskalina-od-janjetine/,MD-LUNDABAGGAR_DIMLJENA_PRSKALINA_OD_JANJETINE,Hrvatska,"suhomesnati proizvod","dimljenje + sušenje",YES,NO,NO,NO,NO,YES,NO,NO,NO,2,AUTO_FIX_RENDER_TEXT
2544,"Moldavska Cârnaţi de Oaie (Kobasica od Ovčetine)",https://drycured.com/recepti-baza/moldavska-carnati-de-oaie-kobasica-od-ovcetine/,MD-MOLDAVSKA_CARNA_I_DE_OAIE_KOBASICA_OD_OVCETINE,Moldavija,"Suha kobasica","dimljenje + sušenje + zrenje",NO,NO,NO,NO,NO,NO,NO,NO,NO,0,OK_CONTENT_BASIC
2545,"Estonska Suitsusink (Dimljena Šunka)",https://drycured.com/recepti-baza/estonska-suitsusink-dimljena-sunka/,MD-ESTONSKA_SUITSUSINK_DIMLJENA_SUNKA,Estonija,"Pršut | sušena šunka","dimljenje + sušenje + zrenje + soljenje/salamurenje",YES,NO,YES,NO,YES,NO,NO,NO,NO,3,AUTO_FIX_RENDER_TEXT
2546,"Sudžuk (Sudžuk Kosovar)",https://drycured.com/recepti-baza/sudzuk-sudzuk-kosovar/,MD-SUDZUK_SUDZUK_KOSOVAR,Kosovo,"Suha kobasica","fermentacija + sušenje",NO,NO,NO,NO,NO,NO,NO,NO,NO,0,OK_CONTENT_BASIC
2549,"Suxhuk me Spec (Sudžuk s paprikom)",https://drycured.com/recepti-baza/suxhuk-me-spec-sudzuk-s-paprikom/,MD-SUXHUK_ME_SPEC_SUDZUK_S_PAPRIKOM,Hrvatska,"Suha kobasica",sušenje,NO,NO,NO,NO,NO,NO,NO,NO,NO,0,OK_CONTENT_BASIC
2553,"Skilandis (litavska dimljena kobasica)",https://drycured.com/recepti-baza/skilandis-litavska-dimljena-kobasica/,MD-SKILANDIS_LITAVSKA_DIMLJENA_KOBASICA,Litva,"Suha kobasica","punjenje + dimljenje/sušenje/zrenje",NO,NO,NO,NO,NO,NO,NO,NO,NO,0,OK_CONTENT_BASIC
2554,"Kindziukas (litavska dimljena šunka)",https://drycured.com/recepti-baza/kindziukas-litavska-dimljena-sunka/,MD-KINDZIUKAS_LITAVSKA_DIMLJENA_SUNKA,Litva,"Pršut | sušena šunka","dimljenje + sušenje + soljenje/salamurenje",NO,NO,NO,NO,YES,NO,NO,NO,NO,1,AUTO_FIX_RENDER_TEXT
2555,"Lašiniai (litavska slanina)",https://drycured.com/recepti-baza/lasiniai-litavska-slanina/,MD-LASINIAI_LITAVSKA_SLANINA,Litva,"Sušeni dimljeni cijeli komad","dimljenje + sušenje + soljenje/salamurenje",NO,NO,NO,NO,YES,NO,NO,NO,NO,1,AUTO_FIX_RENDER_TEXT
2556,"Vytinta dešra (litavska suha kobasica)",https://drycured.com/recepti-baza/vytinta-desra-litavska-suha-kobasica/,MD-VYTINTA_DESRA_LITAVSKA_SUHA_KOBASICA,Litva,"Suha kobasica","fermentacija + dimljenje + sušenje",NO,NO,NO,NO,NO,NO,NO,NO,NO,0,OK_CONTENT_BASIC
2557,"Rūkyti lašišos (dimljen losos na litavski način)",https://drycured.com/recepti-baza/rukyti-lasisos-dimljen-losos-na-litavski-nacin/,MD-R_KYTI_LASISOS_DIMLJEN_LOSOS_NA_LITAVSKI_NACIN,Litva,"dimljena riba","dimljenje + soljenje",NO,NO,NO,NO,NO,YES,NO,NO,YES,2,REVIEW_CATEGORY_OR_SCOPE
2558,"Pounje Planinski Vrtlog",https://drycured.com/recepti-baza/pounje-planinski-vrtlog/,MD-POUNJE_PLANINSKI_VRTLOG,Hrvatska,"suhomesnati proizvod","dimljenje + sušenje + soljenje/salamurenje",NO,NO,NO,NO,NO,YES,NO,NO,NO,1,AUTO_FIX_RENDER_TEXT
2560,"Drežnički Šušanj",https://drycured.com/recepti-baza/dreznicki-susanj/,MD-DREZNICKI_SUSANJ,"Hrvatska | Nepoznato","suhomesnati proizvod","dimljenje + sušenje + soljenje/salamurenje",NO,NO,NO,NO,NO,YES,NO,NO,NO,1,AUTO_FIX_RENDER_TEXT
2561,"Gospićki Vjetar",https://drycured.com/recepti-baza/gospicki-vjetar/,MD-GOSPICKI_VJETAR,Mađarska,"suhomesnati proizvod","dimljenje + sušenje + soljenje/salamurenje",YES,NO,NO,NO,NO,YES,NO,NO,NO,2,AUTO_FIX_RENDER_TEXT
2563,"Maltežanska kobasica (Zalzett Malti)",https://drycured.com/recepti-baza/maltezanska-kobasica-zalzett-malti/,MD-MALTEZANSKA_KOBASICA_ZALZETT_MALTI,Malta,"Suha kobasica",sušenje,YES,NO,YES,NO,NO,NO,NO,NO,NO,2,AUTO_FIX_RENDER_TEXT
2564,"Maltežanski pršut (Prosciutto Malti)",https://drycured.com/recepti-baza/maltezanski-prsut-prosciutto-malti/,MD-MALTEZANSKI_PRSUT_PROSCIUTTO_MALTI,Malta,"Pršut | sušena šunka","sušenje + zrenje + soljenje/salamurenje",YES,NO,YES,NO,YES,NO,NO,NO,NO,3,AUTO_FIX_RENDER_TEXT
2565,"Maltežanska suha govedina (Carne Secca Maltija)",https://drycured.com/recepti-baza/maltezanska-suha-govedina-carne-secca-maltija/,MD-MALTEZANSKA_SUHA_GOVEDINA_CARNE_SECCA_MALTIJA,Malta,"Sušeni dimljeni cijeli komad","sušenje + soljenje/salamurenje",NO,NO,NO,NO,NO,NO,NO,NO,NO,0,OK_CONTENT_BASIC
2571,"Zaprešićki Vrganjevi Narezak",https://drycured.com/recepti-baza/zapresicki-vrganjevi-narezak/,MD-ZAPRESICKI_VRGANJEVI_NAREZAK,Hrvatska,"suhomesnati proizvod",Sušeno,YES,NO,YES,NO,NO,YES,NO,NO,NO,3,AUTO_FIX_RENDER_TEXT
2572,"Medžimurski Divljač Narezak",https://drycured.com/recepti-baza/medzimurski-divljac-narezak/,MD-MEDZIMURSKI_DIVLJAC_NAREZAK,Hrvatska,"suhomesnati proizvod",Sušeno,NO,NO,NO,NO,NO,YES,NO,NO,NO,1,AUTO_FIX_RENDER_TEXT
2573,"Gornjomurečki Začinski Narezak",https://drycured.com/recepti-baza/gornjomurecki-zacinski-narezak/,MD-GORNJOMURECKI_ZACINSKI_NAREZAK,Hrvatska,"suhomesnati proizvod",Sušeno,NO,NO,NO,NO,NO,YES,NO,NO,NO,1,AUTO_FIX_RENDER_TEXT
2574,"ȘUNCĂ AFUMATĂ (DIMLJENA ŠUNKA)",https://drycured.com/recepti-baza/sunca-afumata-dimljena-sunka/,MD-UNC_AFUMAT_DIMLJENA_SUNKA,Moldavija,"Pršut | sušena šunka","dimljenje + sušenje + soljenje/salamurenje",YES,NO,YES,NO,YES,NO,NO,NO,NO,3,AUTO_FIX_RENDER_TEXT
2575,"PASTRAMĂ DE OAIE (OVČJA PASTRAMA)",https://drycured.com/recepti-baza/pastrama-de-oaie-ovcja-pastrama/,MD-PASTRAM_DE_OAIE_OVCJA_PASTRAMA,Hrvatska,"suhomesnati proizvod","dimljenje + sušenje + soljenje/salamurenje",YES,NO,NO,NO,NO,YES,NO,NO,NO,2,AUTO_FIX_RENDER_TEXT
2576,"CÂRNAȚ AFUMAT (DIMLJENE KOBASICE)",https://drycured.com/recepti-baza/carnat-afumat-dimljene-kobasice/,MD-CARNA_AFUMAT_DIMLJENE_KOBASICE,Rumunjska,"Suha kobasica","dimljenje + sušenje + zrenje",YES,NO,YES,NO,NO,NO,NO,NO,NO,2,AUTO_FIX_RENDER_TEXT
2577,"Droge Worst (Suha kobasica)",https://drycured.com/recepti-baza/droge-worst-suha-kobasica/,MD-DROGE_WORST_SUHA_KOBASICA,Nizozemska,"Suha kobasica","fermentacija + sušenje",NO,NO,NO,NO,NO,NO,NO,NO,NO,0,OK_CONTENT_BASIC
2579,"Spekdikken (Slanina s medom)",https://drycured.com/recepti-baza/spekdikken-slanina-s-medom/,MD-SPEKDIKKEN_SLANINA_S_MEDOM,Nizozemska,"Sušeni dimljeni cijeli komad","dimljenje + sušenje + soljenje/salamurenje",NO,NO,NO,NO,YES,NO,NO,NO,NO,1,AUTO_FIX_RENDER_TEXT
2587,"VOSSAKORV (TRADICIONALNA DIMLJENA KOBASICA IZ VOSSA)",https://drycured.com/recepti-baza/vossakorv-tradicionalna-dimljena-kobasica-iz-vossa/,MD-VOSSAKORV_TRADICIONALNA_DIMLJENA_KOBASICA_IZ_VOSSA,Hrvatska,"Suha kobasica",dimljenje,YES,NO,NO,NO,NO,NO,NO,NO,NO,1,AUTO_FIX_RENDER_TEXT
2589,"SPEKELÅR (SUŠENA I DIMLJENA JELEN/SRNETINA)",https://drycured.com/recepti-baza/spekelar-susena-i-dimljena-jelen-srnetina/,MD-SPEKELAR_SUSENA_I_DIMLJENA_JELEN_SRNETINA,Hrvatska,"suhomesnati proizvod","dimljenje + sušenje + soljenje/salamurenje",YES,NO,NO,NO,NO,YES,NO,NO,NO,2,AUTO_FIX_RENDER_TEXT
2594,"GRAVET LAKS (GRAVLAKS - MARINIRANI LOSOS)",https://drycured.com/recepti-baza/gravet-laks-gravlaks-marinirani-losos/,MD-GRAVET_LAKS_GRAVLAKS_MARINIRANI_LOSOS,Norveška,"marinirana/gravirana riba","sol + šećer + hladno odležavanje",NO,NO,NO,NO,NO,YES,NO,NO,YES,2,REVIEW_CATEGORY_OR_SCOPE
2597,"FENALÅR (SUŠENI BUT JANJETA)",https://drycured.com/recepti-baza/fenalar-suseni-but-janjeta/,MD-FENALAR_SUSENI_BUT_JANJETA,Norveška,"suhomesnati proizvod","sušenje + soljenje/salamurenje",YES,NO,NO,NO,NO,YES,NO,NO,NO,2,AUTO_FIX_RENDER_TEXT
2598,"SPEKESKINKE (NORŠKA PRŠUTA)",https://drycured.com/recepti-baza/spekeskinke-norska-prsuta/,MD-SPEKESKINKE_NORSKA_PRSUTA,Hrvatska,"Pršut | sušena šunka","sušenje + soljenje/salamurenje",YES,NO,YES,NO,YES,NO,NO,NO,NO,3,AUTO_FIX_RENDER_TEXT
2600,"MORR (NORVEŠKA KOBASICA)",https://drycured.com/recepti-baza/morr-norveska-kobasica/,MD-MORR_NORVESKA_KOBASICA,Norveška,"Suha kobasica",dimljenje,YES,NO,NO,NO,NO,NO,NO,NO,NO,1,AUTO_FIX_RENDER_TEXT
2603,"Vinkovački Aromatični Začinski Špek",https://drycured.com/recepti-baza/vinkovacki-aromaticni-zacinski-spek/,MD-VINKOVACKI_AROMATICNI_ZACINSKI_SPEK,Hrvatska,"Sušeni dimljeni cijeli komad","dimljenje + sušenje + zrenje",YES,NO,YES,NO,NO,NO,NO,NO,NO,2,AUTO_FIX_RENDER_TEXT
2608,"Kuru Et (Suho meso sa smrekom)",https://drycured.com/recepti-baza/kuru-et-suho-meso-sa-smrekom/,MD-KURU_ET_SUHO_MESO_SA_SMREKOM,Turska,"Sušeni cijeli komad","dimljenje + sušenje + soljenje/salamurenje",NO,NO,NO,NO,NO,NO,NO,NO,NO,0,OK_CONTENT_BASIC
2610,"Tulum Peyniri Dolgulu Et (Meso punjeno sirom)",https://drycured.com/recepti-baza/tulum-peyniri-dolgulu-et-meso-punjeno-sirom/,MD-TULUM_PEYNIRI_DOLGULU_ET_MESO_PUNJENO_SIROM,Turska,"sušeni zreli sir","sušenje + zrenje + soljenje/salamurenje",NO,NO,NO,NO,NO,YES,NO,YES,YES,3,REVIEW_CATEGORY_OR_SCOPE
2614,"Virovski Čvarci",https://drycured.com/recepti-baza/virovski-cvarci/,MD-VIROVSKI_CVARCI,Hrvatska,"suhomesnati proizvod",Sušeno,NO,NO,NO,NO,NO,YES,NO,NO,NO,1,AUTO_FIX_RENDER_TEXT
2616,"BALERON (POLJSKA DIMLJENA VRATINA)",https://drycured.com/recepti-baza/baleron-poljska-dimljena-vratina/,MD-BALERON_POLJSKA_DIMLJENA_VRATINA,Poljska,"suhomesnati proizvod","dimljenje + sušenje + zrenje + soljenje/salamurenje",NO,NO,NO,NO,YES,YES,NO,NO,NO,2,AUTO_FIX_RENDER_TEXT
2620,"SZYNKA WĘDZONA (DIMLJENA ŠUNKA)",https://drycured.com/recepti-baza/szynka-wedzona-dimljena-sunka/,MD-SZYNKA_W_DZONA_DIMLJENA_SUNKA,Poljska,"Pršut | sušena šunka","dimljenje + sušenje + zrenje + soljenje/salamurenje",NO,NO,NO,NO,YES,NO,NO,NO,NO,1,AUTO_FIX_RENDER_TEXT
2621,"BOCZEK WĘDZONY (DIMLJENA SLANINA)",https://drycured.com/recepti-baza/boczek-wedzony-dimljena-slanina/,MD-BOCZEK_W_DZONY_DIMLJENA_SLANINA,Poljska,"Sušeni dimljeni cijeli komad","dimljenje + sušenje + zrenje + soljenje/salamurenje",NO,NO,NO,NO,YES,NO,NO,NO,NO,1,AUTO_FIX_RENDER_TEXT
2622,"Chouriço Tradicional Português (Tradicionalna portugalska kobasica)",https://drycured.com/recepti-baza/chourico-tradicional-portugues-tradicionalna-portugalska-kobasica/,MD-CHOURICO_TRADICIONAL_PORTUGUES_TRADICIONALNA_PORTUGALSKA_KOBASICA,Portugal,"Suha kobasica","fermentacija + dimljenje + sušenje",YES,NO,YES,NO,NO,NO,NO,NO,NO,2,AUTO_FIX_RENDER_TEXT
2623,"Presunto Português (Portugalska pršuta)",https://drycured.com/recepti-baza/presunto-portugues-portugalska-prsuta/,MD-PRESUNTO_PORTUGUES_PORTUGALSKA_PRSUTA,Portugal,"Pršut | sušena šunka","sušenje + zrenje + soljenje/salamurenje",YES,NO,YES,NO,YES,NO,NO,NO,NO,3,AUTO_FIX_RENDER_TEXT
2624,"Paio Alentejano (Alentejanska kobasica)",https://drycured.com/recepti-baza/paio-alentejano-alentejanska-kobasica/,MD-PAIO_ALENTEJANO_ALENTEJANSKA_KOBASICA,Hrvatska,"Suha kobasica","fermentacija + dimljenje + sušenje",YES,NO,YES,NO,NO,NO,NO,NO,NO,2,AUTO_FIX_RENDER_TEXT
2625,"Farinheira Alentejana (Kobasica s brašnom iz Alenteja)",https://drycured.com/recepti-baza/farinheira-alentejana-kobasica-s-brasnom-iz-alenteja/,MD-FARINHEIRA_ALENTEJANA_KOBASICA_S_BRASNOM_IZ_ALENTEJA,Portugal,"Suha kobasica","dimljenje + sušenje",YES,NO,YES,NO,NO,NO,NO,NO,NO,2,AUTO_FIX_RENDER_TEXT
2627,"Chouriço de Vinho (Kobasica s Vinom)",https://drycured.com/recepti-baza/chourico-de-vinho-kobasica-s-vinom/,MD-CHOURICO_DE_VINHO_KOBASICA_S_VINOM,Hrvatska,"Suha kobasica","dimljenje + sušenje + zrenje",YES,NO,YES,NO,NO,NO,NO,NO,NO,2,AUTO_FIX_RENDER_TEXT
2628,"Paio do Alentejo (Alentejo Dimljena Kobasica)",https://drycured.com/recepti-baza/paio-do-alentejo-alentejo-dimljena-kobasica/,MD-PAIO_DO_ALENTEJO_ALENTEJO_DIMLJENA_KOBASICA,Hrvatska,"Suha kobasica","dimljenje + sušenje + zrenje",YES,NO,YES,NO,NO,NO,NO,NO,NO,2,AUTO_FIX_RENDER_TEXT
2629,"Alheira de Mirandela (Kobasica iz Mirandele)",https://drycured.com/recepti-baza/alheira-de-mirandela-kobasica-iz-mirandele/,MD-ALHEIRA_DE_MIRANDELA_KOBASICA_IZ_MIRANDELE,Portugal,"Suha kobasica","dimljenje + sušenje",YES,NO,YES,NO,NO,NO,NO,NO,NO,2,AUTO_FIX_RENDER_TEXT
2631,"Rovinjska Kobasica",https://drycured.com/recepti-baza/rovinjska-kobasica/,MD-ROVINJSKA_KOBASICA,Hrvatska,"Suha kobasica","fermentacija + sušenje",YES,NO,YES,NO,NO,NO,NO,NO,NO,2,AUTO_FIX_RENDER_TEXT
2632,"Krčki Sir-Kobasica",https://drycured.com/recepti-baza/krcki-sir-kobasica/,MD-KRCKI_SIR_KOBASICA,Hrvatska,"Suha kobasica","dimljenje + zrenje",YES,NO,NO,NO,NO,NO,NO,NO,YES,2,REVIEW_CATEGORY_OR_SCOPE
2633,"Senjska Šunka",https://drycured.com/recepti-baza/senjska-sunka/,MD-SENJSKA_SUNKA,Hrvatska,"Pršut | sušena šunka",sušenje,YES,NO,YES,NO,YES,NO,NO,NO,NO,3,AUTO_FIX_RENDER_TEXT
2637,"Tradicionalni Thüringer Schinken (Tirinška šunka)",https://drycured.com/recepti-baza/tradicionalni-thuringer-schinken-tirinska-sunka/,MD-TRADICIONALNI_THURINGER_SCHINKEN_TIRINSKA_SUNKA,Nepoznato,"Pršut | sušena šunka","dimljenje + sušenje + soljenje/salamurenje",NO,NO,NO,NO,YES,NO,NO,NO,NO,1,AUTO_FIX_RENDER_TEXT
2638,"Bavarski Bierschinken (Šunka od piva)",https://drycured.com/recepti-baza/bavarski-bierschinken-sunka-od-piva/,MD-BAVARSKI_BIERSCHINKEN_SUNKA_OD_PIVA,Njemačka,"Pršut | sušena šunka",dimljenje,NO,NO,NO,NO,YES,NO,NO,NO,NO,1,AUTO_FIX_RENDER_TEXT
2645,"Viganjska kobasica od divlje svinje s tavom",https://drycured.com/recepti-baza/viganjska-kobasica-od-divlje-svinje-s-tavom/,MD-VIGANJSKA_KOBASICA_OD_DIVLJE_SVINJE_S_TAVOM,Hrvatska,"Suha kobasica","dimljenje + sušenje",YES,NO,YES,NO,NO,NO,NO,NO,NO,2,AUTO_FIX_RENDER_TEXT
2664,"BABIC (Tradicionalna babić kobasica)",https://drycured.com/recepti-baza/babic-tradicionalna-babic-kobasica/,MD-BABIC_TRADICIONALNA_BABIC_KOBASICA,Hrvatska,"Suha kobasica",sušenje,YES,NO,NO,NO,NO,NO,NO,NO,NO,1,AUTO_FIX_RENDER_TEXT
2665,"MUȘCHI ȚIGĂNESC (Ciganski vrat)",https://drycured.com/recepti-baza/muschi-tiganesc-ciganski-vrat/,MD-MU_CHI_IG_NESC_CIGANSKI_VRAT,Rumunjska,"suhomesnati proizvod",sušenje,YES,NO,YES,NO,YES,YES,NO,NO,NO,4,AUTO_FIX_RENDER_TEXT
2666,"CÂRNAȚI DE BURDUF (Sirnate kobasice)",https://drycured.com/recepti-baza/carnati-de-burduf-sirnate-kobasice/,MD-CARNA_I_DE_BURDUF_SIRNATE_KOBASICE,Rumunjska,"Suha kobasica",sušenje,YES,NO,NO,NO,NO,NO,NO,NO,YES,2,REVIEW_CATEGORY_OR_SCOPE
2667,"ȘUNCĂ DE MANGALIȚA AFUMATĂ (Dimljena mangulica šunka)",https://drycured.com/recepti-baza/sunca-de-mangalita-afumata-dimljena-mangulica-sunka/,MD-UNC_DE_MANGALI_A_AFUMAT_DIMLJENA_MANGULICA_SUNKA,Rumunjska,"Pršut | sušena šunka","dimljenje + sušenje + soljenje/salamurenje",YES,NO,YES,NO,YES,NO,NO,NO,NO,3,AUTO_FIX_RENDER_TEXT
2668,"CÂRNAŢI DE PLEŞCOI (Pleščojske kobasice)",https://drycured.com/recepti-baza/carnati-de-plescoi-plescojske-kobasice/,MD-CARNA_I_DE_PLE_COI_PLESCOJSKE_KOBASICE,Rumunjska,"Suha kobasica","mljevenje + punjenje + dimljenje/sušenje",NO,NO,NO,NO,NO,NO,NO,NO,NO,0,OK_CONTENT_BASIC
2670,"GHIUDEM (Suha kobasica od ovčetine)",https://drycured.com/recepti-baza/ghiudem-suha-kobasica-od-ovcetine/,MD-GHIUDEM_SUHA_KOBASICA_OD_OVCETINE,Hrvatska,"Suha kobasica",sušenje,NO,NO,NO,NO,NO,NO,NO,NO,NO,0,OK_CONTENT_BASIC
2682,"HIGHLAND VENISON HAM (DIMLJENA ŠUNKA OD JELENA)",https://drycured.com/recepti-baza/highland-venison-ham-dimljena-sunka-od-jelena/,MD-HIGHLAND_VENISON_HAM_DIMLJENA_SUNKA_OD_JELENA,Bugarska,"Pršut | sušena šunka","dimljenje + sušenje + zrenje + soljenje/salamurenje",YES,NO,NO,NO,YES,NO,NO,NO,NO,2,AUTO_FIX_RENDER_TEXT
2683,"EDINBURGH POTTED HOG (KONZERVIRANO SVINJSKO MESO)",https://drycured.com/recepti-baza/edinburgh-potted-hog-konzervirano-svinjsko-meso/,MD-EDINBURGH_POTTED_HOG_KONZERVIRANO_SVINJSKO_MESO,Hrvatska,"suhomesnati proizvod",soljenje/salamurenje,YES,NO,YES,NO,NO,YES,NO,NO,NO,3,AUTO_FIX_RENDER_TEXT
2684,"ŠKOTSKI HAGGIS",https://drycured.com/recepti-baza/skotski-haggis/,MD-SKOTSKI_HAGGIS,Škotska,"suhomesnati proizvod",Kuhano,NO,NO,NO,NO,NO,YES,NO,NO,NO,1,AUTO_FIX_RENDER_TEXT
2687,"AYRSHIRE PRESAVICA (AYRSHIRE MIDDLE CUT)",https://drycured.com/recepti-baza/ayrshire-presavica-ayrshire-middle-cut/,MD-AYRSHIRE_PRESAVICA_AYRSHIRE_MIDDLE_CUT,Škotska,"suhomesnati proizvod","dimljenje + sušenje + zrenje + soljenje/salamurenje",YES,NO,YES,NO,NO,YES,NO,NO,NO,3,AUTO_FIX_RENDER_TEXT
2688,"HIGHLANDS JERKY (SUŠENA DIVLJAČ)",https://drycured.com/recepti-baza/highlands-jerky-susena-divljac/,MD-HIGHLANDS_JERKY_SUSENA_DIVLJAC,Hrvatska,jerky,sušenje,YES,NO,NO,NO,NO,YES,NO,NO,NO,2,AUTO_FIX_RENDER_TEXT
2689,"KopačkiRib Začinska Štruca",https://drycured.com/recepti-baza/kopackirib-zacinska-struca/,MD-KOPACKIRIB_ZACINSKA_STRUCA,Hrvatska,"suhomesnati proizvod","dimljenje + sušenje",NO,NO,NO,NO,NO,YES,NO,NO,NO,1,AUTO_FIX_RENDER_TEXT
2691,"Valpovačka Zimska Devenica",https://drycured.com/recepti-baza/valpovacka-zimska-devenica/,MD-VALPOVACKA_ZIMSKA_DEVENICA,Hrvatska,"suhomesnati proizvod","dimljenje + sušenje",NO,NO,NO,NO,NO,YES,NO,NO,NO,1,AUTO_FIX_RENDER_TEXT
2692,"Požeška Začinska Štruca",https://drycured.com/recepti-baza/pozeska-zacinska-struca/,MD-POZESKA_ZACINSKA_STRUCA,Hrvatska,"suhomesnati proizvod","dimljenje + sušenje",NO,NO,NO,NO,NO,YES,NO,NO,NO,1,AUTO_FIX_RENDER_TEXT
2693,"Osječki Začinski Špek",https://drycured.com/recepti-baza/osjecki-zacinski-spek/,MD-OSJECKI_ZACINSKI_SPEK,Hrvatska,"Sušeni dimljeni cijeli komad","dimljenje + sušenje + zrenje + soljenje/salamurenje",YES,NO,YES,NO,NO,NO,NO,NO,NO,2,AUTO_FIX_RENDER_TEXT
2695,"Slavonsko-Brodski Ljuti Čvarci",https://drycured.com/recepti-baza/slavonsko-brodski-ljuti-cvarci/,MD-SLAVONSKO_BRODSKI_LJUTI_CVARCI,Hrvatska,"suhomesnati proizvod",Sušeno,NO,NO,NO,NO,NO,YES,NO,NO,NO,1,AUTO_FIX_RENDER_TEXT
2697,"Baranjska Ljuta Slavonska Kobasica",https://drycured.com/recepti-baza/baranjska-ljuta-slavonska-kobasica/,MD-BARANJSKA_LJUTA_SLAVONSKA_KOBASICA,Hrvatska,"Suha kobasica","dimljenje + sušenje",YES,NO,YES,NO,NO,NO,NO,NO,NO,2,AUTO_FIX_RENDER_TEXT
2698,"Slavonska Domaća Suhomesnata Salama",https://drycured.com/recepti-baza/slavonska-domaca-suhomesnata-salama/,MD-SLAVONSKA_DOMACA_SUHOMESNATA_SALAMA,Hrvatska,"suha salama","fermentacija + sušenje",YES,NO,YES,NO,NO,NO,NO,NO,NO,2,AUTO_FIX_RENDER_TEXT
2699,"Baranjska Fermenetirana Kobasica",https://drycured.com/recepti-baza/baranjska-fermenetirana-kobasica/,MD-BARANJSKA_FERMENETIRANA_KOBASICA,Hrvatska,"Suha kobasica","fermentacija + sušenje",NO,NO,NO,NO,NO,NO,NO,NO,NO,0,OK_CONTENT_BASIC
2701,"Vukovarska Tradicionalna Kobasica",https://drycured.com/recepti-baza/vukovarska-tradicionalna-kobasica/,MD-VUKOVARSKA_TRADICIONALNA_KOBASICA,Hrvatska,"Suha kobasica","dimljenje + sušenje",NO,NO,NO,NO,NO,NO,NO,NO,NO,0,OK_CONTENT_BASIC
2702,"Baranjski Začinski Špek s Pustara Začinima",https://drycured.com/recepti-baza/baranjski-zacinski-spek-s-pustara-zacinima/,MD-BARANJSKI_ZACINSKI_SPEK_S_PUSTARA_ZACINIMA,Hrvatska,"Sušeni dimljeni cijeli komad","dimljenje + sušenje + zrenje",YES,NO,YES,NO,NO,NO,NO,NO,NO,2,AUTO_FIX_RENDER_TEXT
2704,"Osječko-Baranjski Ljuti Špek s Divljim Travama",https://drycured.com/recepti-baza/osjecko-baranjski-ljuti-spek-s-divljim-travama/,MD-OSJECKO_BARANJSKI_LJUTI_SPEK_S_DIVLJIM_TRAVAMA,Hrvatska,"Sušeni dimljeni cijeli komad","dimljenje + sušenje + zrenje",NO,NO,NO,NO,NO,NO,NO,NO,NO,0,OK_CONTENT_BASIC
2707,"Klobása (slovačka kobasica)",https://drycured.com/recepti-baza/klobasa-slovacka-kobasica/,MD-KLOBASA_SLOVACKA_KOBASICA,Slovačka,"Suha kobasica","dimljenje + sušenje",NO,NO,NO,NO,NO,NO,NO,NO,NO,0,OK_CONTENT_BASIC
2708,"Údené mäso (dimljeno meso)",https://drycured.com/recepti-baza/udene-maso-dimljeno-meso/,MD-UDENE_MASO_DIMLJENO_MESO,Slovačka,"suhomesnati proizvod","dimljenje + sušenje + soljenje/salamurenje",NO,NO,NO,NO,NO,YES,NO,NO,NO,1,AUTO_FIX_RENDER_TEXT
2712,"Koroška tunka",https://drycured.com/recepti-baza/koroska-tunka/,MD-KOROSKA_TUNKA,Hrvatska,"Suha kobasica","dimljenje + sušenje + zrenje + soljenje/salamurenje",NO,NO,NO,NO,NO,NO,NO,NO,NO,0,OK_CONTENT_BASIC
2713,"Zasavska klobasa (Zasavska kobasica)",https://drycured.com/recepti-baza/zasavska-klobasa-zasavska-kobasica/,MD-ZASAVSKA_KLOBASA_ZASAVSKA_KOBASICA,Slovenija,"Suha kobasica","dimljenje + sušenje + zrenje",NO,NO,NO,NO,NO,NO,NO,NO,NO,0,OK_CONTENT_BASIC
2714,"Prleška tünka",https://drycured.com/recepti-baza/prleska-tunka/,MD-PRLESKA_TUNKA,Hrvatska,"suhomesnati proizvod","dimljenje + sušenje + zrenje + soljenje/salamurenje",NO,NO,NO,NO,NO,YES,NO,NO,NO,1,AUTO_FIX_RENDER_TEXT
2715,"Idrijsko kosilo",https://drycured.com/recepti-baza/idrijsko-kosilo/,MD-IDRIJSKO_KOSILO,Hrvatska,"suhomesnati proizvod","dimljenje + sušenje + zrenje + soljenje/salamurenje",NO,NO,NO,NO,NO,YES,NO,NO,NO,1,AUTO_FIX_RENDER_TEXT
2717,"Savinjski želodec (Savinjski želudac)",https://drycured.com/recepti-baza/savinjski-zelodec-savinjski-zeludac/,MD-SAVINJSKI_ZELODEC_SAVINJSKI_ZELUDAC,Hrvatska,"Sušeni dimljeni cijeli komad","sušenje + zrenje + soljenje/salamurenje",NO,NO,NO,NO,NO,NO,NO,NO,NO,0,OK_CONTENT_BASIC
2718,"Prekmurska šunka",https://drycured.com/recepti-baza/prekmurska-sunka/,MD-PREKMURSKA_SUNKA,Slovenija,"Pršut | sušena šunka","dimljenje + sušenje + zrenje + soljenje/salamurenje",NO,NO,NO,NO,YES,NO,NO,NO,NO,1,AUTO_FIX_RENDER_TEXT
2722,"Crnogorska Pršuta (Njeguška pršuta)",https://drycured.com/recepti-baza/crnogorska-prsuta-njeguska-prsuta/,MD-CRNOGORSKA_PRSUTA_NJEGUSKA_PRSUTA,"Crna Gora","Pršut | sušena šunka","dimljenje + sušenje",YES,NO,YES,NO,YES,NO,NO,NO,NO,3,AUTO_FIX_RENDER_TEXT
2723,"Crnogorska Kastradina",https://drycured.com/recepti-baza/crnogorska-kastradina/,MD-CRNOGORSKA_KASTRADINA,"Crna Gora","suhomesnati proizvod","dimljenje + sušenje",YES,NO,NO,NO,NO,YES,NO,NO,NO,2,AUTO_FIX_RENDER_TEXT
2724,"PRINSKORV (ŠVEDSKE TANKE DIMLJENE KOBASICE)",https://drycured.com/recepti-baza/prinskorv-svedske-tanke-dimljene-kobasice/,MD-PRINSKORV_SVEDSKE_TANKE_DIMLJENE_KOBASICE,Švedska,"Suha kobasica",dimljenje,NO,NO,NO,NO,NO,NO,NO,NO,NO,0,OK_CONTENT_BASIC
2725,"FLÄSKLÄGG (DIMLJENA SVINJSKA KOLJENICA)",https://drycured.com/recepti-baza/flasklagg-dimljena-svinjska-koljenica/,MD-FLASKLAGG_DIMLJENA_SVINJSKA_KOLJENICA,Hrvatska,"suhomesnati proizvod",dimljenje,YES,NO,YES,NO,NO,YES,NO,NO,NO,3,AUTO_FIX_RENDER_TEXT
2726,"ÖLÄNDSK GETKORV (ÖLANDSKA KOZJA KOBASICA)",https://drycured.com/recepti-baza/olandsk-getkorv-olandska-kozja-kobasica/,MD-OLANDSK_GETKORV_OLANDSKA_KOZJA_KOBASICA,Hrvatska,"Suha kobasica","Dimljeno | Fermentirano | Sušeno",NO,NO,NO,NO,NO,NO,NO,NO,NO,0,OK_CONTENT_BASIC
2727,"KRONOBERGSKORV (KRONOBERGŠKA KOBASICA)",https://drycured.com/recepti-baza/kronobergskorv-kronobergska-kobasica/,MD-KRONOBERGSKORV_KRONOBERGSKA_KOBASICA,Hrvatska,"Suha kobasica","Dimljeno | Kuhano | Sušeno",NO,NO,NO,NO,NO,NO,NO,NO,NO,0,OK_CONTENT_BASIC
2728,"VÄRMLANDSKORV (VÄRMLANDSKA DIMLJENA KOBASICA)",https://drycured.com/recepti-baza/varmlandskorv-varmlandska-dimljena-kobasica/,MD-VARMLANDSKORV_VARMLANDSKA_DIMLJENA_KOBASICA,Hrvatska,"Suha kobasica",dimljenje,NO,NO,NO,NO,NO,NO,NO,NO,NO,0,OK_CONTENT_BASIC
2729,"FALUKORV (TRADICIONALNA ŠVEDSKA KOBASICA)",https://drycured.com/recepti-baza/falukorv-tradicionalna-svedska-kobasica/,MD-FALUKORV_TRADICIONALNA_SVEDSKA_KOBASICA,Švedska,"Suha kobasica","Dimljeno | Sušeno",NO,NO,NO,NO,NO,NO,NO,NO,NO,0,OK_CONTENT_BASIC
2730,"GRAVAD LAX (ŠVEDSKI GRAVLJENI LOSOS)",https://drycured.com/recepti-baza/gravad-lax-svedski-gravljeni-losos/,MD-GRAVAD_LAX_SVEDSKI_GRAVLJENI_LOSOS,Švedska,"marinirana/gravirana riba","sol + šećer + hladno odležavanje",NO,NO,NO,NO,NO,YES,NO,NO,YES,2,REVIEW_CATEGORY_OR_SCOPE
2732,"ISTERBAND (ŠVEDSKA FERMENTIRANA KOBASICA)",https://drycured.com/recepti-baza/isterband-svedska-fermentirana-kobasica/,MD-ISTERBAND_SVEDSKA_FERMENTIRANA_KOBASICA,Švedska,"Suha kobasica",fermentacija,NO,NO,NO,NO,NO,NO,NO,NO,NO,0,OK_CONTENT_BASIC
2733,"SPICKESKINKA (ŠVEDSKA SUHA ŠUNKA)",https://drycured.com/recepti-baza/spickeskinka-svedska-suha-sunka/,MD-SPICKESKINKA_SVEDSKA_SUHA_SUNKA,Mađarska,"Pršut | sušena šunka",Sušeno,YES,NO,YES,NO,YES,NO,NO,NO,NO,3,AUTO_FIX_RENDER_TEXT
2736,"GLARNER KALBERWURST (TELEĆA KOBASICA IZ GLARUSA)",https://drycured.com/recepti-baza/glarner-kalberwurst-teleca-kobasica-iz-glarusa/,MD-GLARNER_KALBERWURST_TELECA_KOBASICA_IZ_GLARUSA,Albanija,"Suha kobasica",sušenje,YES,NO,YES,NO,NO,NO,NO,NO,NO,2,AUTO_FIX_RENDER_TEXT
2737,"CHURER SALSIZ (DIVLJAČKA KOBASICA IZ CHURA)",https://drycured.com/recepti-baza/churer-salsiz-divljacka-kobasica-iz-chura/,MD-CHURER_SALSIZ_DIVLJACKA_KOBASICA_IZ_CHURA,Švicarska,"Suha kobasica","fermentacija + sušenje",YES,NO,NO,NO,NO,NO,NO,NO,NO,1,AUTO_FIX_RENDER_TEXT
2741,"AARGAUER RÜEBLIWURST (MESNATA KOBASICA S MRKVOM)",https://drycured.com/recepti-baza/aargauer-ruebliwurst-mesnata-kobasica-s-mrkvom/,MD-AARGAUER_RUEBLIWURST_MESNATA_KOBASICA_S_MRKVOM,Švicarska,"Suha kobasica","fermentacija + sušenje",YES,NO,YES,NO,NO,NO,NO,NO,NO,2,AUTO_FIX_RENDER_TEXT
2744,"WALLISER TROCKENFLEISCH (SUŠENA GOVEDINA IZ VALAISA)",https://drycured.com/recepti-baza/walliser-trockenfleisch-susena-govedina-iz-valaisa/,MD-WALLISER_TROCKENFLEISCH_SUSENA_GOVEDINA_IZ_VALAISA,Francuska,"Sušeni dimljeni cijeli komad","sušenje + soljenje/salamurenje",NO,NO,NO,NO,NO,NO,NO,NO,NO,0,OK_CONTENT_BASIC
2745,"SALSIZ (ALPSKA SUHA KOBASICA)",https://drycured.com/recepti-baza/salsiz-alpska-suha-kobasica/,MD-SALSIZ_ALPSKA_SUHA_KOBASICA,Švicarska,"Suha kobasica","fermentacija + sušenje",YES,NO,YES,NO,NO,NO,NO,NO,NO,2,AUTO_FIX_RENDER_TEXT
2746,"CULATELLO DI ZIBELLO",https://drycured.com/recepti-baza/culatello-di-zibello/,MD-CULATELLO_DI_ZIBELLO,Italija,"sušeni dio svinjskog buta","soljenje + oblikovanje + zrenje",YES,NO,YES,NO,NO,YES,NO,NO,NO,3,AUTO_FIX_RENDER_TEXT
2747,"LONZINO (LOMBO)",https://drycured.com/recepti-baza/lonzino-lombo/,MD-LONZINO_LOMBO,Hrvatska,"suhomesnati proizvod","sušenje + zrenje + soljenje/salamurenje",YES,NO,YES,NO,NO,YES,NO,NO,NO,3,AUTO_FIX_RENDER_TEXT
2774,"Jambon Persillé (Šunka u želeu s peršinom)",https://drycured.com/recepti-baza/jambon-persille-sunka-u-zeleu-s-persinom/,MD-JAMBON_PERSILLE_SUNKA_U_ZELEU_S_PERSINOM,Belgija,"Pršut | sušena šunka",Kuhano,NO,NO,NO,NO,YES,NO,NO,NO,NO,1,AUTO_FIX_RENDER_TEXT
2778,"Čvarci s Papuka - Planinski recept",https://drycured.com/recepti-baza/cvarci-s-papuka-planinski-recept/,MD-CVARCI_S_PAPUKA_PLANINSKI_RECEPT,Hrvatska,"suhomesnati proizvod",soljeno,YES,NO,YES,NO,NO,YES,NO,NO,NO,3,AUTO_FIX_RENDER_TEXT
2779,"Slavonski cviček (suhomesnati narez)",https://drycured.com/recepti-baza/slavonski-cvicek-suhomesnati-narez/,MD-SLAVONSKI_CVICEK_SUHOMESNATI_NAREZ,Hrvatska,"suhomesnati proizvod","fermentacija + sušenje",NO,NO,NO,NO,NO,YES,NO,NO,NO,1,AUTO_FIX_RENDER_TEXT
3024,"Irska dimljena kobasica (Smoked Sausage)",https://drycured.com/recepti-baza/irska-dimljena-kobasica-smoked-sausage/,MD-IRSKA_DIMLJENA_KOBASICA_SMOKED_SAUSAGE,Irska,"Suha kobasica",dimljenje,YES,NO,YES,NO,NO,NO,NO,NO,NO,2,AUTO_FIX_RENDER_TEXT
3025,"Pršuta e Kosovës (Kosovska pršuta)",https://drycured.com/recepti-baza/prsuta-e-kosoves-kosovska-prsuta-2/,MD-PRSUTA_E_KOSOVES_KOSOVSKA_PRSUTA,Kosovo,"Pršut | sušena šunka","sušenje + zrenje + soljenje/salamurenje",NO,NO,NO,NO,YES,NO,NO,NO,NO,1,AUTO_FIX_RENDER_TEXT
3026,"Scharfe Edelrohwurst s povrćem na žaru",https://drycured.com/recepti-baza/scharfe-edelrohwurst-s-povrcem-na-zaru/,MD-SCHARFE_EDELROHWURST_S_POVRCEM_NA_ZARU,Hrvatska,"Suha kobasica","Fermentirano | Sušeno",NO,NO,NO,NO,NO,NO,NO,NO,NO,0,OK_CONTENT_BASIC
3028,"ZUGER HIRSCHTROCKENWURST (KOBASICA OD JELENA IZ ZUGA)",https://drycured.com/recepti-baza/zuger-hirschtrockenwurst-kobasica-od-jelena-iz-zuga-2/,MD-ZUGER_HIRSCHTROCKENWURST_KOBASICA_OD_JELENA_IZ_ZUGA,Švicarska,"Suha kobasica","fermentacija + sušenje",YES,NO,NO,NO,NO,NO,NO,NO,NO,1,AUTO_FIX_RENDER_TEXT
3029,"Tiroler Speck – tirolski sušeni dimljeni svinjski but",https://drycured.com/recepti-baza/tiroler-speck-tirolska-slanina-2/,MD-TIROLER_SPECK_TIROLSKA_SLANINA,Austrija,"Sušeni dimljeni cijeli komad","hladno dimljeno | suho soljeno | Sušeno | zreno",NO,NO,NO,NO,NO,NO,NO,NO,NO,0,OK_CONTENT_BASIC
3030,"Waldviertler Hirschsalami – salama od jelena iz Waldviertela",https://drycured.com/recepti-baza/waldviertler-hirschsalami-salama-od-jelena-iz-waldviertela-2/,MD-WALDVIERTLER_HIRSCHSALAMI_SALAMA_OD_JELENA_IZ_WALDVIERTELA,Austrija,"suha salama","Fermentirano | hladno dimljeno | Sušeno | zreno",NO,NO,NO,NO,NO,NO,NO,NO,NO,0,OK_CONTENT_BASIC
3032,"Mađarska Gyulai Kolbász – Gyulai kobasica",https://drycured.com/recepti-baza/maarska-gyulai-kolbasz-gyulai-kobasica/,MD-MADARSKA_GYULAI_KOLBASZ_GYULAI_KOBASICA,Mađarska,"Suha kobasica","hladno dimljeno | Sušeno | zreno",NO,NO,NO,NO,NO,NO,NO,NO,NO,0,OK_CONTENT_BASIC
3033,"Lukanka iz Panagyurishte – bugarska prešana suha kobasica",https://drycured.com/recepti-baza/lukanka-iz-panagyurishte/,MD-LUKANKA_IZ_PANAGYURISHTE,Bugarska,"Suha kobasica","Fermentirano | prešano | Sušeno | zreno",NO,NO,NO,NO,NO,NO,NO,NO,NO,0,OK_CONTENT_BASIC
3035,"Strandzhansko Dyado – bugarski sušeni punjeni proizvod",https://drycured.com/recepti-baza/strandzhansko-dyado/,MD-STRANDZHANSKO_DYADO,Bugarska,"Suha kobasica","Fermentirano | Sušeno | zreno",NO,NO,NO,NO,NO,NO,NO,NO,NO,0,OK_CONTENT_BASIC
3037,"Dobrudzhanski Babek – bugarski sušeni babek",https://drycured.com/recepti-baza/dobrudzhanski-babek/,MD-DOBRUDZHANSKI_BABEK,Bugarska,"Suha kobasica","Fermentirano | Sušeno | zreno",NO,NO,NO,NO,NO,NO,NO,NO,NO,0,OK_CONTENT_BASIC
3038,"Grčki Loukaniko – tradicionalna grčka kobasica",https://drycured.com/recepti-baza/grcka-tradicionalni-recepti-za-loukaniko-2/,MD-GRCKA_TRADICIONALNI_RECEPTI_ZA_LOUKANIKO,Grčka,"Suha kobasica","Fermentirano | hladno dimljeno ili sušeno",YES,NO,NO,NO,NO,NO,NO,NO,NO,1,AUTO_FIX_RENDER_TEXT
3039,"Joulukinkku – finska božićna šunka",https://drycured.com/recepti-baza/joulukinkku-bozicna-sunka-2/,MD-JOULUKINKKU_BOZICNA_SUNKA,Finska,"Pršut | sušena šunka","mokro salamureno | pečeno",NO,NO,NO,NO,YES,NO,NO,NO,NO,1,AUTO_FIX_RENDER_TEXT
3041,"Saucisson Sec – francuska suha kobasica",https://drycured.com/recepti-baza/saucisson-sec-suha-kobasica-2/,MD-SAUCISSON_SEC_SUHA_KOBASICA,Francuska,"Suha kobasica","Fermentirano | Sušeno | zreno",NO,NO,NO,NO,NO,NO,NO,NO,NO,0,OK_CONTENT_BASIC
3044,"Jésus de Lyon – velika lionska suha kobasica",https://drycured.com/recepti-baza/jesus-de-lyon-2/,MD-JESUS_DE_LYON,Francuska,"Suha kobasica","Fermentirano | Sušeno | zreno",NO,NO,NO,NO,NO,NO,NO,NO,NO,0,OK_CONTENT_BASIC
3045,"Rosette de Lyon – lionska suha kobasica",https://drycured.com/recepti-baza/rosette-de-lyon-2/,MD-ROSETTE_DE_LYON,Francuska,"Suha kobasica","Fermentirano | Sušeno | zreno",NO,NO,NO,NO,NO,NO,NO,NO,NO,0,OK_CONTENT_BASIC
3047,"Siglino Messinias – grčka dimljena svinjetina",https://drycured.com/recepti-baza/siglino-messinias/,MD-SIGLINO_MESSINIAS,Grčka,"Dimljeni sušeni cijeli komad","Dimljeno | soljeno | Sušeno",NO,NO,NO,NO,NO,NO,NO,NO,NO,0,OK_CONTENT_BASIC
3050,"Pancetta Maltija – malteška panceta",https://drycured.com/recepti-baza/maltezanska-panceta-pancetta-maltija-2/,MD-MALTEZANSKA_PANCETA_PANCETTA_MALTIJA,Malta,"Sušeni dimljeni cijeli komad","soljeno | Sušeno | zreno",NO,NO,NO,NO,YES,NO,NO,NO,NO,1,AUTO_FIX_RENDER_TEXT
3051,"Pick Szalámi – mađarski Pick salami",https://drycured.com/recepti-baza/maarski-pick-salami-pick-szalami/,MD-MADARSKI_PICK_SALAMI_PICK_SZALAMI,Mađarska,"suha salama","Fermentirano | hladno dimljeno | Sušeno | zreno",NO,NO,NO,NO,NO,NO,NO,NO,NO,0,OK_CONTENT_BASIC
3052,"Mađarska Kolbász – mađarska kobasica",https://drycured.com/recepti-baza/maarska-kobasica-kolbasz/,MD-MADARSKA_KOBASICA_KOLBASZ,Mađarska,"Suha kobasica","hladno dimljeno | Sušeno | zreno",NO,NO,NO,NO,NO,NO,NO,NO,NO,0,OK_CONTENT_BASIC
3053,"Westfälischer Knochenschinken – vestfalska šunka s kosti",https://drycured.com/recepti-baza/westfalischer-knochenschinken-vestfalska-sunka-s-kosti/,MD-WESTFALISCHER_KNOCHENSCHINKEN_VESTFALSKA_SUNKA_S_KOSTI,Njemačka,"Pršut | sušena šunka","hladno dimljeno | soljeno | Sušeno | zreno",NO,NO,NO,NO,YES,NO,NO,NO,NO,1,AUTO_FIX_RENDER_TEXT
3055,"Salo – ukrajinska slana svinjska slanina",https://drycured.com/recepti-baza/salo-slana-svinjeca-slanina/,MD-SALO_SLANA_SVINJECA_SLANINA,Ukrajina,"Sušeni dimljeni cijeli komad","soljeno | zreno",NO,NO,NO,NO,YES,NO,NO,NO,NO,1,AUTO_FIX_RENDER_TEXT
3057,"Belokranjska jagenjčara",https://drycured.com/recepti-baza/belokranjska-jagenjcara-2/,MD-BELOKRANJSKA_JAGENJCARA,Slovenija,"Suha kobasica","Dimljeno | Sušeno",NO,NO,NO,NO,NO,NO,NO,NO,NO,0,OK_CONTENT_BASIC
3058,"Sobrasada Mallorquina – majorška sobrasada",https://drycured.com/recepti-baza/sobrasada-mallorquina-majorska-sobrasada-2/,MD-SOBRASADA_MALLORQUINA_MAJORSKA_SOBRASADA,Španjolska,"Suha kobasica","Fermentirano | Sušeno | zreno",NO,NO,NO,NO,NO,NO,NO,NO,NO,0,OK_CONTENT_BASIC
3060,"Appenzeller Mostbröckli – švicarska sušena dimljena govedina",https://drycured.com/recepti-baza/appenzeller-mostbrockli-dimljena-govedina/,MD-APPENZELLER_MOSTBROCKLI_DIMLJENA_GOVEDINA,Švicarska,"Sušeni dimljeni cijeli komad","Dimljeno | soljeno | Sušeno | zreno",NO,NO,NO,NO,NO,NO,NO,NO,NO,0,OK_CONTENT_BASIC
3061,"Speck Alto Adige – južnotirolski sušeni dimljeni but",https://drycured.com/recepti-baza/speck-alto-adige-2/,MD-SPECK_ALTO_ADIGE,Italija,"Sušeni dimljeni cijeli komad","hladno dimljeno | suho soljeno | Sušeno | zreno",NO,NO,NO,NO,NO,NO,NO,NO,NO,0,OK_CONTENT_BASIC
3063,"Suxhuk – albanska suha kobasica",https://drycured.com/recepti-baza/suxhuk-albanska-suha-kobasica-2/,MD-SUXHUK_ALBANSKA_SUHA_KOBASICA,Albanija,"Suha kobasica","Fermentirano | opcionalno dimljeno | Sušeno",NO,NO,NO,NO,NO,NO,NO,NO,NO,0,OK_CONTENT_BASIC
3064,"Proshuta Shqiptare – albanska pršuta",https://drycured.com/recepti-baza/0003-proshuta-shqiptare-albanska-prsuta/,MD-PROSHUTA_SHQIPTARE_ALBANSKA_PRSUTA,Albanija,"Pršut / sušena šunka","suho soljeno | Sušeno | zreno",NO,NO,NO,NO,NO,NO,NO,NO,NO,0,OK_CONTENT_BASIC
3065,"Mish i thatë – albanska suha janjetina",https://drycured.com/recepti-baza/mish-i-thate-albanska-suha-janjetina-2/,MD-MISH_I_THATE_ALBANSKA_SUHA_JANJETINA,Albanija,"Sušeni cijeli komad","soljeno | Sušeno | zreno",NO,NO,NO,NO,NO,NO,NO,NO,NO,0,OK_CONTENT_BASIC
3066,"Kärntner Wurzelspeck – koruški sušeni dimljeni vrat",https://drycured.com/recepti-baza/karntner-wurzelspeck-koruska-korijenska-slanina-2/,MD-KARNTNER_WURZELSPECK_KORUSKA_KORIJENSKA_SLANINA,Austrija,"Sušeni dimljeni cijeli komad","Dimljeno | soljeno | Sušeno | zreno",NO,NO,NO,NO,YES,NO,NO,NO,NO,1,AUTO_FIX_RENDER_TEXT
3067,"Steirischer Rohschinken – štajerska sirova šunka",https://drycured.com/recepti-baza/steirischer-rohschinken-stajerska-sirova-sunka-2/,MD-STEIRISCHER_ROHSCHINKEN_STAJERSKA_SIROVA_SUNKA,Austrija,"Sirova šunka","suho soljeno | Sušeno | zreno",NO,NO,NO,NO,YES,YES,NO,YES,YES,4,REVIEW_CATEGORY_OR_SCOPE
3068,"Vorarlberger Mostbröckle – vorarlberška dimljena govedina",https://drycured.com/recepti-baza/0010-vorarlberger-mostbrockle-vorarlberska-dimljena-govedina/,MD-VORARLBERGER_MOSTBROCKLE_VORARLBERSKA_DIMLJENA_GOVEDINA,Austrija,"Sušena dimljena govedina","Dimljeno | soljeno | Sušeno | zreno",NO,NO,NO,NO,NO,NO,NO,NO,NO,0,OK_CONTENT_BASIC
3069,"Finska Meetvursti – suha kobasica",https://drycured.com/recepti-baza/finska-meetvursti-suha-kobasica-2/,MD-FINSKA_MEETVURSTI_SUHA_KOBASICA,Finska,"Suha kobasica","Dimljeno | Fermentirano | Sušeno | zreno",NO,NO,NO,NO,NO,NO,NO,NO,NO,0,OK_CONTENT_BASIC
3070,"Filet d’Anvers – antverpski file",https://drycured.com/recepti-baza/filet-d-anvers-antverpski-file/,MD-FILET_DANVERS_ANTVERPSKI_FILE,Belgija,"Sušeni dimljeni cijeli komad","Dimljeno | soljeno | Sušeno",NO,NO,NO,NO,NO,NO,NO,NO,NO,0,OK_CONTENT_BASIC
3071,"Lard fumé de Flandre – flamanska dimljena slanina",https://drycured.com/recepti-baza/lard-fume-de-flandre-flamansko-dimljeno-salo-2/,MD-LARD_FUME_DE_FLANDRE_FLAMANSKO_DIMLJENO_SALO,Belgija,"Sušeni dimljeni cijeli komad","Dimljeno | soljeno | Sušeno",NO,NO,NO,NO,YES,NO,NO,NO,NO,1,AUTO_FIX_RENDER_TEXT
3073,"Collier fumé de Wallonie – dimljeni svinjski vrat iz Valonije",https://drycured.com/recepti-baza/collier-fume-de-wallonie-dimljeni-svinjski-vrat-iz-valonije-2/,MD-COLLIER_FUME_DE_WALLONIE_DIMLJENI_SVINJSKI_VRAT_IZ_VALONIJE,Belgija,"Dimljeni sušeni cijeli komad","hladno dimljeno | soljeno | Sušeno",NO,NO,NO,NO,YES,NO,NO,NO,NO,1,AUTO_FIX_RENDER_TEXT
3075,"Jambon d’Ardenne – ardenska šunka",https://drycured.com/recepti-baza/jambon-d-ardenne-ardenski-prsut/,MD-JAMBON_DARDENNE_ARDENSKI_PRSUT,Belgija,"Pršut | sušena šunka","hladno dimljeno | suho soljeno | Sušeno | zreno",NO,NO,NO,NO,YES,NO,NO,NO,NO,1,AUTO_FIX_RENDER_TEXT
3081,"SAUCISSON D'ARDENNE (ARDENSKI KULEN)",https://drycured.com/recepti-baza/saucisson-d-ardenne-ardenski-kulen/,MD-SAUCISSON_DARDENNE_ARDENSKI_KULEN,Belgija,"Kulen | trajna fermentirana kobasica","fermentacija + dimljenje + sušenje + zrenje",YES,NO,YES,NO,NO,NO,NO,NO,NO,2,AUTO_FIX_RENDER_TEXT
3082,"НАНИЖЕН СУДЖУК (Nanižen Sudžuk)",https://drycured.com/recepti-baza/nanizen-sudzuk/,MD-NANIZEN_SUDZUK,Bugarska,"Suha kobasica","fermentacija + sušenje",NO,NO,NO,NO,NO,NO,NO,NO,NO,0,OK_CONTENT_BASIC
3084,"СМЯДОВСКА ЛУКАНКА (Smyadovska lukanka)",https://drycured.com/recepti-baza/smyadovska-lukanka/,MD-SMYADOVSKA_LUKANKA,Bugarska,"Suha kobasica",sušenje,YES,NO,YES,NO,NO,NO,NO,NO,NO,2,AUTO_FIX_RENDER_TEXT
3085,"СТАРОПЛАНИНСКИ ПАСТЪРМА (Staroplaninska pastrma)",https://drycured.com/recepti-baza/staroplaninska-pastrma/,MD-STAROPLANINSKA_PASTRMA,Bugarska,"Sušeni cijeli komad",sušenje,YES,NO,YES,NO,NO,NO,NO,NO,NO,2,AUTO_FIX_RENDER_TEXT
3086,"Nadenitsa (Наденица)",https://drycured.com/recepti-baza/nadenitsa/,MD-NADENITSA,Hrvatska,"suhomesnati proizvod",,NO,NO,NO,NO,NO,YES,NO,NO,NO,1,AUTO_FIX_RENDER_TEXT
3087,"Rulopep (Рулопеп)",https://drycured.com/recepti-baza/rulopep/,MD-RULOPEP,Hrvatska,"suhomesnati proizvod",,NO,NO,NO,NO,NO,YES,NO,NO,NO,1,AUTO_FIX_RENDER_TEXT
3088,"Katino Meze (Катино мезе)",https://drycured.com/recepti-baza/katino-meze/,MD-KATINO_MEZE,Bugarska,"suhomesnati proizvod",,NO,NO,NO,NO,NO,YES,NO,NO,NO,1,AUTO_FIX_RENDER_TEXT
3089,"Drobsarma (Дробсарма)",https://drycured.com/recepti-baza/drobsarma/,MD-DROBSARMA,Hrvatska,"Suha kobasica",,NO,NO,NO,NO,NO,NO,NO,NO,NO,0,OK_CONTENT_BASIC
3090,"Maleshevska Babichka (Малешевска бабичка)",https://drycured.com/recepti-baza/maleshevska-babichka/,MD-MALESHEVSKA_BABICHKA,Hrvatska,"suhomesnati proizvod",,NO,NO,NO,NO,NO,YES,NO,NO,NO,1,AUTO_FIX_RENDER_TEXT
3091,"Kraishte Pastarma (Краищенска пастърма)",https://drycured.com/recepti-baza/kraishte-pastarma/,MD-KRAISHTE_PASTARMA,Bugarska,"suhomesnati proizvod",,YES,NO,NO,NO,NO,YES,NO,NO,NO,2,AUTO_FIX_RENDER_TEXT
3092,"Lukanka (Луканка)",https://drycured.com/recepti-baza/lukanka/,MD-LUKANKA,Bugarska,"Suha kobasica",,NO,NO,NO,NO,NO,NO,NO,NO,NO,0,OK_CONTENT_BASIC
3093,"Sudjuk (Суджук)",https://drycured.com/recepti-baza/sudjuk/,MD-SUDJUK,Bugarska,"Suha kobasica",,NO,NO,NO,NO,NO,NO,NO,NO,NO,0,OK_CONTENT_BASIC
3095,"Pastarma (Пастърма)",https://drycured.com/recepti-baza/pastarma/,MD-PASTARMA,Bugarska,"suhomesnati proizvod",,NO,NO,NO,NO,NO,YES,NO,NO,NO,1,AUTO_FIX_RENDER_TEXT
3096,"Banski Starec (Бански старец)",https://drycured.com/recepti-baza/banski-starec/,MD-BANSKI_STAREC,Hrvatska,"Suha kobasica",,NO,NO,NO,NO,NO,NO,NO,NO,NO,0,OK_CONTENT_BASIC
3097,"Lountza (Λούντζα)",https://drycured.com/recepti-baza/lountza/,MD-LOUNTZA,Grčka/Cipar,"suhomesnati proizvod",sušenje,YES,NO,YES,NO,NO,YES,NO,NO,NO,3,AUTO_FIX_RENDER_TEXT
3098,"Hiromeri (Χοιρομέρι)",https://drycured.com/recepti-baza/hiromeri/,MD-HIROMERI,,"Pršut | sušena šunka",sušenje,YES,NO,YES,NO,NO,NO,NO,NO,NO,2,AUTO_FIX_RENDER_TEXT
3099,"Tsamarella (Τσαμαρέλλα)",https://drycured.com/recepti-baza/tsamarella/,MD-TSAMARELLA,Grčka/Cipar,"suhomesnati proizvod",sušenje,NO,NO,NO,NO,NO,YES,NO,NO,NO,1,AUTO_FIX_RENDER_TEXT
3100,"Posyrti (Ποσυρτή)",https://drycured.com/recepti-baza/posyrti/,MD-POSYRTI,,"suhomesnati proizvod",,YES,NO,NO,NO,NO,YES,NO,NO,NO,2,AUTO_FIX_RENDER_TEXT
3101,"Apohtin (Αποχτίν)",https://drycured.com/recepti-baza/apohtin/,MD-APOHTIN,Hrvatska,"suhomesnati proizvod",sušenje,YES,NO,YES,NO,NO,YES,NO,NO,NO,3,AUTO_FIX_RENDER_TEXT
3102,"Lounza (Λούντζα) - Dimljena svinjska potrbušina",https://drycured.com/recepti-baza/lounza-dimljena-svinjska-potrbusina/,MD-LOUNZA_DIMLJENA_SVINJSKA_POTRBUSINA,Grčka/Cipar,"suhomesnati proizvod","dimljenje + sušenje + zrenje + soljenje/salamurenje",YES,NO,YES,NO,NO,YES,NO,NO,NO,3,AUTO_FIX_RENDER_TEXT
3103,"Tsamarella (Τσαμαρέλλα) - Sušena kozletina",https://drycured.com/recepti-baza/tsamarella-susena-kozletina/,MD-TSAMARELLA_SUSENA_KOZLETINA,Grčka/Cipar,"suhomesnati proizvod","sušenje + soljenje/salamurenje",NO,NO,NO,NO,NO,YES,NO,NO,NO,1,AUTO_FIX_RENDER_TEXT
3104,"Hiromeri (Χοιρομέρι) - Ciparski pršut",https://drycured.com/recepti-baza/hiromeri-ciparski-prsut/,MD-HIROMERI_CIPARSKI_PRSUT,Cipar,"Pršut | sušena šunka","sušenje + zrenje + soljenje/salamurenje",YES,NO,YES,NO,YES,NO,NO,NO,NO,3,AUTO_FIX_RENDER_TEXT
3107,"?? NIZOZEMSKA - Tradicionalni recepti",https://drycured.com/recepti-baza/nizozemska-tradicionalni-recepti/,MD-NIZOZEMSKA_TRADICIONALNI_RECEPTI,Nizozemska,"Suha kobasica",sušenje,YES,NO,YES,NO,NO,NO,YES,NO,NO,3,AUTO_FIX_RENDER_TEXT
3108,"Crmničke goveđe pastrve",https://drycured.com/recepti-baza/crmnicke-govee-pastrve/,MD-CRMNICKE_GOVEDE_PASTRVE,Hrvatska,"suhomesnati proizvod",sušenje,NO,NO,NO,NO,NO,YES,NO,NO,NO,1,AUTO_FIX_RENDER_TEXT
3110,"Crnogorski suđuk",https://drycured.com/recepti-baza/crnogorski-suuk/,MD-CRNOGORSKI_SUDUK,"Crna Gora","suhomesnati proizvod",sušenje,NO,NO,NO,NO,NO,YES,NO,NO,NO,1,AUTO_FIX_RENDER_TEXT
3112,"Medisterpølse (Danska svježa začinjena kobasica)",https://drycured.com/recepti-baza/medisterplse-danska-svjeza-zacinjena-kobasica/,MD-MEDISTERP_LSE_DANSKA_SVJEZA_ZACINJENA_KOBASICA,Danska,"Suha kobasica","sušenje + zrenje",NO,NO,NO,NO,NO,NO,NO,NO,NO,0,OK_CONTENT_BASIC
3114,"Rullepølse (Danska rolana šunka)",https://drycured.com/recepti-baza/rulleplse-danska-rolana-sunka/,MD-RULLEP_LSE_DANSKA_ROLANA_SUNKA,Danska,"Pršut | sušena šunka",,NO,NO,NO,NO,YES,NO,NO,NO,NO,1,AUTO_FIX_RENDER_TEXT
3115,"Flæskesteg (Danska pečena svinjetina s hrskavom kožom)",https://drycured.com/recepti-baza/flskesteg-danska-pecena-svinjetina-s-hrskavom-kozom/,MD-FL_SKESTEG_DANSKA_PECENA_SVINJETINA_S_HRSKAVOM_KOZOM,Danska,"suhomesnati proizvod",,YES,NO,YES,NO,NO,YES,NO,NO,NO,3,AUTO_FIX_RENDER_TEXT
3116,"Spegepølse (Danska fermentirana kobasica)",https://drycured.com/recepti-baza/spegeplse-danska-fermentirana-kobasica/,MD-SPEGEP_LSE_DANSKA_FERMENTIRANA_KOBASICA,Danska,"Suha kobasica","fermentacija + sušenje",NO,NO,NO,NO,NO,NO,NO,NO,NO,0,OK_CONTENT_BASIC
3117,"Irski spiced beef (Začinjeno sušeno goveđe meso)",https://drycured.com/recepti-baza/irski-spiced-beef-zacinjeno-suseno-govee-meso/,MD-IRSKI_SPICED_BEEF_ZACINJENO_SUSENO_GOVEDE_MESO,Irska,"Sušeni dimljeni cijeli komad","sušenje + soljenje/salamurenje",NO,NO,NO,NO,NO,NO,NO,NO,NO,0,OK_CONTENT_BASIC
3118,"Kasseler pečenka s pireom od jabuka i krupir knedlama",https://drycured.com/recepti-baza/kasseler-pecenka-s-pireom-od-jabuka-i-krupir-knedlama/,MD-KASSELER_PECENKA_S_PIREOM_OD_JABUKA_I_KRUPIR_KNEDLAMA,Hrvatska,"suhomesnati proizvod",,NO,NO,NO,NO,NO,YES,NO,NO,NO,1,AUTO_FIX_RENDER_TEXT
3120,"Rogatički Planinsko-Morski Raritet ""Vjetar i More""",https://drycured.com/recepti-baza/rogaticki-planinsko-morski-raritet-vjetar-i-more/,MD-ROGATICKI_PLANINSKO_MORSKI_RARITET_VJETAR_I_MORE,Hrvatska,"suhomesnati proizvod","fermentacija + sušenje",NO,NO,NO,NO,NO,YES,NO,NO,NO,1,AUTO_FIX_RENDER_TEXT
3121,"Istarski Morski Pršut ""Neptunov Dar""",https://drycured.com/recepti-baza/istarski-morski-prsut-neptunov-dar/,MD-ISTARSKI_MORSKI_PRSUT_NEPTUNOV_DAR,Hrvatska,"Pršut | sušena šunka","fermentacija + sušenje",YES,NO,YES,NO,YES,NO,NO,NO,NO,3,AUTO_FIX_RENDER_TEXT
3122,"Potted Beef (konzervirano goveđe meso)",https://drycured.com/recepti-baza/potted-beef-konzervirano-govee-meso/,MD-POTTED_BEEF_KONZERVIRANO_GOVEDE_MESO,Hrvatska,"Sušeni dimljeni cijeli komad",,YES,NO,NO,NO,NO,NO,NO,NO,NO,1,AUTO_FIX_RENDER_TEXT
3124,"Engleski sušeni goveđi jezik (Potted Ox Tongue)",https://drycured.com/recepti-baza/engleski-suseni-govei-jezik-potted-ox-tongue/,MD-ENGLESKI_SUSENI_GOVEDI_JEZIK_POTTED_OX_TONGUE,Hrvatska,"suhomesnati proizvod","sušenje + zrenje + soljenje/salamurenje",NO,NO,NO,NO,NO,YES,NO,NO,NO,1,AUTO_FIX_RENDER_TEXT
3125,"?? Talijansko-toskanski recept za salamu (Salame Toscano)",https://drycured.com/recepti-baza/talijansko-toskanski-recept-za-salamu-salame-toscano/,MD-TALIJANSKO_TOSKANSKI_RECEPT_ZA_SALAMU_SALAME_TOSCANO,Italija,"suha salama",,NO,NO,NO,NO,NO,NO,YES,NO,NO,1,AUTO_FIX_RENDER_TEXT
3126,"?? Austrijski recept za Kmetzelsuppe kobasicu",https://drycured.com/recepti-baza/austrijski-recept-za-kmetzelsuppe-kobasicu/,MD-AUSTRIJSKI_RECEPT_ZA_KMETZELSUPPE_KOBASICU,Austrija,"Suha kobasica",,NO,NO,NO,NO,NO,NO,YES,NO,NO,1,AUTO_FIX_RENDER_TEXT
3127,"Poljska Kiełbasa Lisiecka (Lisiecka Kobasica)",https://drycured.com/recepti-baza/poljska-kiebasa-lisiecka-lisiecka-kobasica/,MD-POLJSKA_KIE_BASA_LISIECKA_LISIECKA_KOBASICA,Poljska,"Suha kobasica","dimljenje + sušenje",NO,NO,NO,NO,NO,NO,NO,NO,NO,0,OK_CONTENT_BASIC
3128,"KYLMÄSAVULOHI (HLADNO DIMLJENI LOSOS)",https://drycured.com/recepti-baza/kylmasavulohi-hladno-dimljeni-losos/,MD-KYLMASAVULOHI_HLADNO_DIMLJENI_LOSOS,Finska,"dimljena riba","hladno dimljeno",NO,NO,NO,NO,NO,YES,NO,NO,YES,2,REVIEW_CATEGORY_OR_SCOPE
3129,"Jambon de Bayonne (Bajonska šunka)",https://drycured.com/recepti-baza/jambon-de-bayonne-bajonska-sunka/,MD-JAMBON_DE_BAYONNE_BAJONSKA_SUNKA,Francuska,"Pršut | sušena šunka","soljenje + sušenje + zrenje",YES,NO,YES,NO,YES,NO,NO,NO,NO,3,AUTO_FIX_RENDER_TEXT
3131,"SAUCISSON SEC D'AUVERGNE",https://drycured.com/recepti-baza/saucisson-sec-d-auvergne/,MD-SAUCISSON_SEC_DAUVERGNE,Hrvatska,"Suha kobasica","fermentacija + sušenje",YES,NO,YES,NO,NO,NO,NO,NO,NO,2,AUTO_FIX_RENDER_TEXT
3132,"Armatia (Αρματιά)",https://drycured.com/recepti-baza/armatia/,MD-ARMATIA,,"suhomesnati proizvod",sušenje,YES,NO,NO,NO,NO,YES,NO,NO,NO,2,AUTO_FIX_RENDER_TEXT
3133,"Pihti (Πηχτή)",https://drycured.com/recepti-baza/pihti/,MD-PIHTI,,"suhomesnati proizvod",sušenje,YES,NO,YES,NO,NO,YES,NO,NO,NO,3,AUTO_FIX_RENDER_TEXT
3134,"Kavourmas (Καβουρμάς)",https://drycured.com/recepti-baza/kavourmas/,MD-KAVOURMAS,Hrvatska,"suhomesnati proizvod",,YES,NO,YES,NO,NO,YES,NO,NO,NO,3,AUTO_FIX_RENDER_TEXT
3136,"Loukaniko (Λουκάνικο)",https://drycured.com/recepti-baza/loukaniko/,MD-LOUKANIKO,Grčka/Cipar,"suhomesnati proizvod",sušenje,YES,NO,YES,YES,NO,YES,NO,NO,NO,4,AUTO_FIX_RENDER_TEXT
3137,"Apaki (Απάκι)",https://drycured.com/recepti-baza/apaki/,MD-APAKI,,"suhomesnati proizvod",sušenje,YES,NO,YES,NO,NO,YES,NO,NO,NO,3,AUTO_FIX_RENDER_TEXT
3138,"Noumboulo (Νούμπουλο)",https://drycured.com/recepti-baza/noumboulo/,MD-NOUMBOULO,Grčka/Cipar,"suhomesnati proizvod","dimljenje + sušenje",YES,NO,YES,NO,NO,YES,NO,NO,NO,3,AUTO_FIX_RENDER_TEXT
3139,"Syglino (Σύγκλινο)",https://drycured.com/recepti-baza/syglino/,MD-SYGLINO,Grčka/Cipar,"suhomesnati proizvod",sušenje,YES,NO,YES,NO,NO,YES,NO,NO,NO,3,AUTO_FIX_RENDER_TEXT
3140,"Skirts and Kidneys (Tradicionalna irska marinirana goveđa dijafragma)",https://drycured.com/recepti-baza/skirts-and-kidneys-tradicionalna-irska-marinirana-govea-dijafragma/,MD-SKIRTS_AND_KIDNEYS_TRADICIONALNA_IRSKA_MARINIRANA_GOVEDA_DIJAFRAGMA,Hrvatska,"suhomesnati proizvod","dimljenje + sušenje + soljenje/salamurenje",NO,NO,NO,NO,NO,YES,NO,NO,NO,1,AUTO_FIX_RENDER_TEXT
3141,"Svið (Dimljena janjeća glava)",https://drycured.com/recepti-baza/svi-dimljena-janjeca-glava/,MD-SVI_DIMLJENA_JANJECA_GLAVA,Hrvatska,"suhomesnati proizvod","dimljenje + sušenje + soljenje/salamurenje",YES,NO,NO,NO,NO,YES,NO,NO,NO,2,AUTO_FIX_RENDER_TEXT
3143,"Torfær​ður Lambahryggur (Zakopana janjeća leđa)",https://drycured.com/recepti-baza/torfrur-lambahryggur-zakopana-janjeca-lea/,MD-TORF_R_UR_LAMBAHRYGGUR_ZAKOPANA_JANJECA_LEDA,Island,"suhomesnati proizvod",sušenje,YES,NO,NO,NO,NO,YES,NO,NO,NO,2,AUTO_FIX_RENDER_TEXT
3144,"Selshreifar (Sušeni tuljanovi peraji)",https://drycured.com/recepti-baza/selshreifar-suseni-tuljanovi-peraji/,MD-SELSHREIFAR_SUSENI_TULJANOVI_PERAJI,Hrvatska,"suhomesnati proizvod","sušenje + soljenje/salamurenje",NO,NO,NO,NO,NO,YES,NO,NO,NO,1,AUTO_FIX_RENDER_TEXT
3145,"Hákarlasullur (Fermentirani trbuh grenlandskog morskog psa)",https://drycured.com/recepti-baza/hakarlasullur-fermentirani-trbuh-grenlandskog-morskog-psa/,MD-HAKARLASULLUR_FERMENTIRANI_TRBUH_GRENLANDSKOG_MORSKOG_PSA,Island,"suhomesnati proizvod","fermentacija + sušenje",NO,NO,NO,NO,NO,YES,NO,NO,NO,1,AUTO_FIX_RENDER_TEXT
3146,"Gellur (Sušeni riblji jezici)",https://drycured.com/recepti-baza/gellur-suseni-riblji-jezici/,MD-GELLUR_SUSENI_RIBLJI_JEZICI,Hrvatska,"suhomesnati proizvod","sušenje + soljenje/salamurenje",NO,NO,NO,NO,NO,YES,NO,NO,NO,1,AUTO_FIX_RENDER_TEXT
3147,"Súrsaðir Hrútspungar Með Lyngi (Fermentirani ovnovski testisi s vrijeskom)",https://drycured.com/recepti-baza/sursair-hrutspungar-me-lyngi-fermentirani-ovnovski-testisi-s-vrijeskom/,MD-SURSA_IR_HRUTSPUNGAR_ME_LYNGI_FERMENTIRANI_OVNOVSKI_TESTISI_S_VRIJESKOM,Island,"suhomesnati proizvod","fermentacija + sušenje + soljenje/salamurenje",NO,NO,NO,NO,NO,YES,NO,NO,YES,2,REVIEW_CATEGORY_OR_SCOPE
3148,"Sviðasulta (Želatinizirano janjeće meso s glave)",https://drycured.com/recepti-baza/sviasulta-zelatinizirano-janjece-meso-s-glave/,MD-SVI_ASULTA_ZELATINIZIRANO_JANJECE_MESO_S_GLAVE,Island,"suhomesnati proizvod",,YES,NO,NO,NO,NO,YES,NO,NO,NO,2,AUTO_FIX_RENDER_TEXT
3149,"Harðfiskur (Sušeni oslić)",https://drycured.com/recepti-baza/harfiskur-suseni-oslic/,MD-HAR_FISKUR_SUSENI_OSLIC,Hrvatska,"suhomesnati proizvod",sušenje,NO,NO,NO,NO,NO,YES,NO,NO,NO,1,AUTO_FIX_RENDER_TEXT
3150,"Kæstur Hákarl (Fermentirano meso grenlandskog morskog psa)",https://drycured.com/recepti-baza/kstur-hakarl-fermentirano-meso-grenlandskog-morskog-psa/,MD-K_STUR_HAKARL_FERMENTIRANO_MESO_GRENLANDSKOG_MORSKOG_PSA,Island,"fermentirano i sušeno meso morskog psa","fermentacija + sušenje",NO,NO,NO,NO,NO,YES,NO,NO,NO,1,AUTO_FIX_RENDER_TEXT
3151,"Pastërma (Sušena govedina)",https://drycured.com/recepti-baza/pasterma-susena-govedina/,MD-PASTERMA_SUSENA_GOVEDINA,,"Sušeni cijeli komad","sušenje + soljenje/salamurenje",NO,NO,NO,NO,NO,NO,NO,NO,NO,0,OK_CONTENT_BASIC
3152,"Skilandis (Tradicinis lietuviškas skilandis)",https://drycured.com/recepti-baza/skilandis-tradicinis-lietuviskas-skilandis/,MD-SKILANDIS_TRADICINIS_LIETUVISKAS_SKILANDIS,Litva,"punjeni i sušeni mesni proizvod","punjenje u prirodni omotač + dimljenje/sušenje/zrenje",NO,NO,NO,NO,NO,YES,NO,NO,NO,1,AUTO_FIX_RENDER_TEXT
3153,"Kindziukas (Kindzius)",https://drycured.com/recepti-baza/kindziukas-kindzius/,MD-KINDZIUKAS_KINDZIUS,Hrvatska,"suhomesnati proizvod","dimljenje + sušenje",NO,NO,NO,NO,NO,YES,NO,NO,NO,1,AUTO_FIX_RENDER_TEXT
3154,"Lašiniai (Tradicionalna litavska slanina)",https://drycured.com/recepti-baza/lasiniai-tradicionalna-litavska-slanina/,MD-LASINIAI_TRADICIONALNA_LITAVSKA_SLANINA,Litva,"Sušeni dimljeni cijeli komad","dimljenje + sušenje + soljenje/salamurenje",NO,NO,NO,NO,YES,NO,NO,NO,NO,1,AUTO_FIX_RENDER_TEXT
3155,"Vytinta dešra (Sušena litavska kobasica)",https://drycured.com/recepti-baza/vytinta-desra-susena-litavska-kobasica/,MD-VYTINTA_DESRA_SUSENA_LITAVSKA_KOBASICA,Litva,"Suha kobasica","dimljenje + sušenje",NO,NO,NO,NO,NO,NO,NO,NO,NO,0,OK_CONTENT_BASIC
3156,"Lički Planinarski Navršak",https://drycured.com/recepti-baza/licki-planinarski-navrsak/,MD-LICKI_PLANINARSKI_NAVRSAK,Hrvatska,"suhomesnati proizvod","dimljenje + sušenje + soljenje/salamurenje",NO,NO,NO,NO,NO,YES,NO,NO,NO,1,AUTO_FIX_RENDER_TEXT
3158,"Mađarska Slanina (Szalonna)",https://drycured.com/recepti-baza/maarska-slanina-szalonna/,MD-MADARSKA_SLANINA_SZALONNA,Mađarska,"Sušeni dimljeni cijeli komad",sušenje,NO,NO,NO,NO,YES,NO,NO,NO,NO,1,AUTO_FIX_RENDER_TEXT
3159,"Mađarska Dimljena Šunka (Füstölt Sonka)",https://drycured.com/recepti-baza/maarska-dimljena-sunka-fustolt-sonka/,MD-MADARSKA_DIMLJENA_SUNKA_FUSTOLT_SONKA,Mađarska,"Pršut | sušena šunka","dimljenje + sušenje + soljenje/salamurenje",YES,NO,YES,NO,YES,NO,NO,NO,NO,3,AUTO_FIX_RENDER_TEXT
3160,"Mađarski Dimljeni Jezik (Füstölt Nyelv)",https://drycured.com/recepti-baza/maarski-dimljeni-jezik-fustolt-nyelv/,MD-MADARSKI_DIMLJENI_JEZIK_FUSTOLT_NYELV,Mađarska,"suhomesnati proizvod","dimljenje + soljenje/salamurenje",NO,NO,NO,NO,NO,YES,NO,NO,NO,1,AUTO_FIX_RENDER_TEXT
3162,"Ossenworst (Goveđa sirova kobasica)",https://drycured.com/recepti-baza/ossenworst-govea-sirova-kobasica/,MD-OSSENWORST_GOVEDA_SIROVA_KOBASICA,Hrvatska,"Suha kobasica",zrenje,NO,NO,NO,NO,NO,NO,NO,NO,YES,1,REVIEW_CATEGORY_OR_SCOPE
3163,"MOSTBRÖCKLI (ALPSKA SUŠENA GOVEDINA)",https://drycured.com/recepti-baza/mostbrockli-alpska-susena-govedina/,MD-MOSTBROCKLI_ALPSKA_SUSENA_GOVEDINA,Hrvatska,"Sušeni dimljeni cijeli komad","dimljenje + sušenje + zrenje",NO,NO,NO,NO,NO,NO,NO,NO,NO,0,OK_CONTENT_BASIC
3164,"HOLSTEINER KATENSCHINKEN (HOLŠTAJNSKA DIMLJENA ŠUNKA)",https://drycured.com/recepti-baza/holsteiner-katenschinken-holstajnska-dimljena-sunka/,MD-HOLSTEINER_KATENSCHINKEN_HOLSTAJNSKA_DIMLJENA_SUNKA,Hrvatska,"Pršut | sušena šunka","dimljenje + zrenje",NO,NO,NO,NO,YES,NO,NO,NO,NO,1,AUTO_FIX_RENDER_TEXT
3166,"Leichter Karreeschinken s povrćem u eintopfu",https://drycured.com/recepti-baza/leichter-karreeschinken-s-povrcem-u-eintopfu/,MD-LEICHTER_KARREESCHINKEN_S_POVRCEM_U_EINTOPFU,Hrvatska,"suhomesnati proizvod",,NO,NO,NO,NO,NO,YES,NO,NO,NO,1,AUTO_FIX_RENDER_TEXT
3168,"RAKFISK (FERMENTIRANI SLATKOVODNI LOSOS)",https://drycured.com/recepti-baza/rakfisk-fermentirani-slatkovodni-losos/,MD-RAKFISK_FERMENTIRANI_SLATKOVODNI_LOSOS,Norveška,"fermentirana riba","soljenje + kontrolirana fermentacija",NO,NO,NO,NO,NO,YES,NO,NO,YES,2,REVIEW_CATEGORY_OR_SCOPE
3169,"LUTEFISK (SUŠENI BAKALAR)",https://drycured.com/recepti-baza/lutefisk-suseni-bakalar/,MD-LUTEFISK_SUSENI_BAKALAR,Norveška,"sušena riba","sušenje + lužnati postupak",YES,NO,NO,NO,NO,YES,NO,NO,NO,2,AUTO_FIX_RENDER_TEXT
3170,"SMALAHOVE (SUŠENA OVČJA GLAVA)",https://drycured.com/recepti-baza/smalahove-susena-ovcja-glava/,MD-SMALAHOVE_SUSENA_OVCJA_GLAVA,Hrvatska,"suhomesnati proizvod","sušenje + soljenje/salamurenje",YES,NO,NO,NO,NO,YES,NO,NO,NO,2,AUTO_FIX_RENDER_TEXT
3171,"FÅREPØLSE (TRADICIONALNA OVČJA KOBASICA)",https://drycured.com/recepti-baza/fareplse-tradicionalna-ovcja-kobasica/,MD-FAREP_LSE_TRADICIONALNA_OVCJA_KOBASICA,Danska/Norveška,"Suha kobasica","fermentacija + sušenje",YES,NO,NO,NO,NO,NO,NO,NO,NO,1,AUTO_FIX_RENDER_TEXT
3172,"ELGKJØTT SPEKEMAT (SUHO MESO LOSA)",https://drycured.com/recepti-baza/elgkjtt-spekemat-suho-meso-losa/,MD-ELGKJ_TT_SPEKEMAT_SUHO_MESO_LOSA,Hrvatska,"Sušeni cijeli komad",sušenje,YES,NO,NO,NO,NO,NO,NO,NO,NO,1,AUTO_FIX_RENDER_TEXT
3173,"TJUKKMJØLKSPØLSE (FERMENTIRANA KOBASICA S MLIJEČNOM KULTUROM)",https://drycured.com/recepti-baza/tjukkmjlksplse-fermentirana-kobasica-s-mlijecnom-kulturom/,MD-TJUKKMJ_LKSP_LSE_FERMENTIRANA_KOBASICA_S_MLIJECNOM_KULTUROM,Danska/Norveška,"Suha kobasica","fermentacija + sušenje",YES,NO,NO,NO,NO,NO,NO,NO,NO,1,AUTO_FIX_RENDER_TEXT
3174,"REINSDYRHJERTE (SUŠENO SRCE SOBA)",https://drycured.com/recepti-baza/reinsdyrhjerte-suseno-srce-soba/,MD-REINSDYRHJERTE_SUSENO_SRCE_SOBA,Norveška,"suhomesnati proizvod",sušenje,YES,NO,NO,NO,NO,YES,NO,NO,NO,2,AUTO_FIX_RENDER_TEXT
3176,"RØKELAKS (DIMLJENI LOSOS)",https://drycured.com/recepti-baza/rkelaks-dimljeni-losos/,MD-R_KELAKS_DIMLJENI_LOSOS,Norveška,"dimljena riba",dimljenje,NO,NO,NO,NO,NO,YES,NO,NO,YES,2,REVIEW_CATEGORY_OR_SCOPE
3178,"Kuşbaşı Jerky (Turski goveđi jerky)",https://drycured.com/recepti-baza/kusbas-jerky-turski-govei-jerky/,MD-KU_BA_JERKY_TURSKI_GOVEDI_JERKY,Hrvatska,jerky,sušenje,NO,NO,NO,NO,NO,YES,NO,NO,NO,1,AUTO_FIX_RENDER_TEXT
3179,"Işkembe Dolması (Punjeni goveđi burag)",https://drycured.com/recepti-baza/iskembe-dolmas-punjeni-govei-burag/,MD-I_KEMBE_DOLMAS_PUNJENI_GOVEDI_BURAG,,"suhomesnati proizvod","dimljenje + sušenje",NO,NO,NO,NO,NO,YES,NO,NO,NO,1,AUTO_FIX_RENDER_TEXT
3180,"Varaždinski Š(p)ek",https://drycured.com/recepti-baza/varazdinski-s-p-ek/,MD-VARAZDINSKI_S_P_EK,,"suhomesnati proizvod",,YES,NO,YES,NO,NO,YES,NO,NO,NO,3,AUTO_FIX_RENDER_TEXT
3181,"Đurđevački Zelenjak",https://drycured.com/recepti-baza/urevacki-zelenjak/,MD-DURDEVACKI_ZELENJAK,,"suhomesnati proizvod",,NO,NO,NO,NO,NO,YES,NO,NO,NO,1,AUTO_FIX_RENDER_TEXT
3182,"KINDZIUK (POLJSKO-LITAVSKA SUHA KOBASICA)",https://drycured.com/recepti-baza/kindziuk-poljsko-litavska-suha-kobasica/,MD-KINDZIUK_POLJSKO_LITAVSKA_SUHA_KOBASICA,Litva,"Suha kobasica","fermentacija + sušenje",NO,NO,NO,NO,NO,NO,NO,NO,NO,0,OK_CONTENT_BASIC
3183,"KIEŁBASA WĘDZONA (DIMLJENA POLJSKA KOBASICA)",https://drycured.com/recepti-baza/kiebasa-wedzona-dimljena-poljska-kobasica/,MD-KIE_BASA_W_DZONA_DIMLJENA_POLJSKA_KOBASICA,Poljska,"Suha kobasica",dimljenje,NO,NO,NO,NO,NO,NO,NO,NO,NO,0,OK_CONTENT_BASIC
3185,"Presunto de Porco Preto (Pršut od Crne Iberijske Svinje)",https://drycured.com/recepti-baza/presunto-de-porco-preto-prsut-od-crne-iberijske-svinje/,MD-PRESUNTO_DE_PORCO_PRETO_PRSUT_OD_CRNE_IBERIJSKE_SVINJE,,"Pršut | sušena šunka","sušenje + zrenje + soljenje/salamurenje",YES,NO,YES,NO,YES,NO,NO,NO,NO,3,AUTO_FIX_RENDER_TEXT
3189,"Posyrti (Ποσυρτή) - Ciparska suha kobasica s divljim biljem",https://drycured.com/recepti-baza/posyrti-ciparska-suha-kobasica-s-divljim-biljem/,MD-POSYRTI_CIPARSKA_SUHA_KOBASICA_S_DIVLJIM_BILJEM,Cipar,"Suha kobasica","fermentacija + sušenje",YES,NO,YES,NO,NO,NO,NO,NO,NO,2,AUTO_FIX_RENDER_TEXT
3190,"Afelia Pastarma (Αφέλια Παστάρμα) - Ciparska marinirana goveđa pisanica",https://drycured.com/recepti-baza/afelia-pastarma-ciparska-marinirana-govea-pisanica/,MD-AFELIA_PASTARMA_CIPARSKA_MARINIRANA_GOVEDA_PISANICA,Cipar,"suhomesnati proizvod",sušenje,NO,NO,NO,NO,NO,YES,NO,NO,NO,1,AUTO_FIX_RENDER_TEXT
3191,"Ofto Lountza (Οφτή Λούντζα) - Ciparska zračno sušena janjetina",https://drycured.com/recepti-baza/ofto-lountza-ciparska-zracno-susena-janjetina/,MD-OFTO_LOUNTZA_CIPARSKA_ZRACNO_SUSENA_JANJETINA,Cipar,"suhomesnati proizvod","dimljenje + sušenje + zrenje + soljenje/salamurenje",YES,NO,NO,NO,NO,YES,NO,NO,NO,2,AUTO_FIX_RENDER_TEXT
3192,"Virovski ""Živi Čvarci""",https://drycured.com/recepti-baza/virovski-zivi-cvarci/,MD-VIROVSKI_ZIVI_CVARCI,,"suhomesnati proizvod",sušenje,YES,NO,YES,NO,NO,YES,NO,NO,NO,3,AUTO_FIX_RENDER_TEXT
3193,"Ludbreška ""Tajna Kobasica""",https://drycured.com/recepti-baza/ludbreska-tajna-kobasica/,MD-LUDBRESKA_TAJNA_KOBASICA,,"Suha kobasica",,NO,NO,NO,NO,NO,NO,NO,NO,NO,0,OK_CONTENT_BASIC
3194,"Đurđevački ""Zaboravljeni Š(p)ek""",https://drycured.com/recepti-baza/urevacki-zaboravljeni-s-p-ek/,MD-DURDEVACKI_ZABORAVLJENI_S_P_EK,,"suhomesnati proizvod",,YES,NO,YES,NO,NO,YES,NO,NO,NO,3,AUTO_FIX_RENDER_TEXT
3195,"Pregradski ""Šumski Šaptat""",https://drycured.com/recepti-baza/pregradski-sumski-saptat/,MD-PREGRADSKI_SUMSKI_SAPTAT,,"suhomesnati proizvod",,NO,NO,NO,NO,NO,YES,NO,NO,NO,1,AUTO_FIX_RENDER_TEXT
3196,"Križevački ""Začinski Vjetar""",https://drycured.com/recepti-baza/krizevacki-zacinski-vjetar/,MD-KRIZEVACKI_ZACINSKI_VJETAR,,"suhomesnati proizvod",,NO,NO,NO,NO,NO,YES,NO,NO,NO,1,AUTO_FIX_RENDER_TEXT
3197,"Našički ""Ratarski Sjećaj""",https://drycured.com/recepti-baza/nasicki-ratarski-sjecaj/,MD-NASICKI_RATARSKI_SJECAJ,,"suhomesnati proizvod",,NO,NO,NO,NO,NO,YES,NO,NO,NO,1,AUTO_FIX_RENDER_TEXT
3198,"Draževački ""Veteranski Sjećaj""",https://drycured.com/recepti-baza/drazevacki-veteranski-sjecaj/,MD-DRAZEVACKI_VETERANSKI_SJECAJ,,"suhomesnati proizvod",sušenje,NO,NO,NO,NO,NO,YES,NO,NO,NO,1,AUTO_FIX_RENDER_TEXT
3199,"Kalničkog ""Gorski Trag""",https://drycured.com/recepti-baza/kalnickog-gorski-trag/,MD-KALNICKOG_GORSKI_TRAG,,"suhomesnati proizvod",,NO,NO,NO,NO,NO,YES,NO,NO,NO,1,AUTO_FIX_RENDER_TEXT
3200,"Podravski ""Zaboravljeni Vrbovec""",https://drycured.com/recepti-baza/podravski-zaboravljeni-vrbovec/,MD-PODRAVSKI_ZABORAVLJENI_VRBOVEC,,"suhomesnati proizvod",,YES,NO,NO,NO,NO,YES,NO,NO,NO,2,AUTO_FIX_RENDER_TEXT
3201,"Koprivnički ""Seoski Izvor""",https://drycured.com/recepti-baza/koprivnicki-seoski-izvor/,MD-KOPRIVNICKI_SEOSKI_IZVOR,,"suhomesnati proizvod",,NO,NO,NO,NO,NO,YES,NO,NO,NO,1,AUTO_FIX_RENDER_TEXT
3202,"Đurđevački ""Ribarski Sjaj""",https://drycured.com/recepti-baza/urevacki-ribarski-sjaj/,MD-DURDEVACKI_RIBARSKI_SJAJ,,"suhomesnati proizvod",,NO,NO,NO,NO,NO,YES,NO,NO,YES,2,REVIEW_CATEGORY_OR_SCOPE
3203,"Ludbreški ""Planinski Trag""",https://drycured.com/recepti-baza/ludbreski-planinski-trag/,MD-LUDBRESKI_PLANINSKI_TRAG,,"suhomesnati proizvod",,NO,NO,NO,NO,NO,YES,NO,NO,NO,1,AUTO_FIX_RENDER_TEXT
3204,"Virovski ""Šumski Biseri""",https://drycured.com/recepti-baza/virovski-sumski-biseri/,MD-VIROVSKI_SUMSKI_BISERI,,"suhomesnati proizvod",,NO,NO,NO,NO,NO,YES,NO,NO,NO,1,AUTO_FIX_RENDER_TEXT
3207,"Koryushka (Корюшка - Dimljena mala riba)",https://drycured.com/recepti-baza/koryushka-dimljena-mala-riba/,MD-KORYUSHKA_DIMLJENA_MALA_RIBA,Rusija,"dimljena riba","dimljenje + sušenje",NO,NO,NO,NO,NO,YES,NO,NO,YES,2,REVIEW_CATEGORY_OR_SCOPE
3210,"ARBROATH SMOKIES (DIMLJENA HARINGA)",https://drycured.com/recepti-baza/arbroath-smokies-dimljena-haringa/,MD-ARBROATH_SMOKIES_DIMLJENA_HARINGA,Škotska,"dimljena riba","vruće dimljenje",NO,NO,NO,NO,NO,YES,NO,NO,NO,1,AUTO_FIX_RENDER_TEXT
3211,"Zgornjesavinjski želodec",https://drycured.com/recepti-baza/zgornjesavinjski-zelodec/,MD-ZGORNJESAVINJSKI_ZELODEC,Slovenija,"zreli mesni proizvod u prirodnom omotaču","punjenje + sušenje/zrenje",NO,NO,NO,NO,NO,YES,NO,NO,NO,1,AUTO_FIX_RENDER_TEXT
3213,"Cecina de León - Sušena Goveđa Cecina",https://drycured.com/recepti-baza/cecina-de-leon-susena-govea-cecina/,MD-CECINA_DE_LEON_SUSENA_GOVEDA_CECINA,Španjolska,"Sušeni dimljeni cijeli komad","soljenje + dimljenje + zrenje",NO,NO,NO,NO,NO,NO,NO,NO,NO,0,OK_CONTENT_BASIC
3214,"Crnogorski Sudžuk",https://drycured.com/recepti-baza/crnogorski-sudzuk/,MD-CRNOGORSKI_SUDZUK,"Crna Gora","Suha kobasica","dimljenje + sušenje",NO,NO,NO,NO,NO,NO,NO,NO,NO,0,OK_CONTENT_BASIC
3215,"SCHAFFHAUSER SCHÜBLIG (DIMLJENA GOVEĐA KOBASICA)",https://drycured.com/recepti-baza/schaffhauser-schublig-dimljena-govea-kobasica/,MD-SCHAFFHAUSER_SCHUBLIG_DIMLJENA_GOVEDA_KOBASICA,,"Suha kobasica","dimljenje + sušenje",YES,NO,YES,NO,NO,NO,NO,NO,NO,2,AUTO_FIX_RENDER_TEXT
3217,"Culatello di Zibello - Kulatelo iz Zibella",https://drycured.com/recepti-baza/culatello-di-zibello-kulatelo-iz-zibella/,MD-CULATELLO_DI_ZIBELLO_KULATELO_IZ_ZIBELLA,Italija,"sušeni dio svinjskog buta","soljenje + oblikovanje + zrenje",YES,NO,YES,NO,NO,YES,NO,NO,NO,3,AUTO_FIX_RENDER_TEXT
3218,"PANCETTA ARROTOLATA",https://drycured.com/recepti-baza/pancetta-arrotolata/,MD-PANCETTA_ARROTOLATA,Hrvatska,"suhomesnati proizvod","sušenje + zrenje + soljenje/salamurenje",YES,NO,YES,NO,NO,YES,NO,NO,NO,3,AUTO_FIX_RENDER_TEXT
3219,"Herzegovina Livanjska Devenica",https://drycured.com/recepti-baza/herzegovina-livanjska-devenica/,MD-HERZEGOVINA_LIVANJSKA_DEVENICA,,"suhomesnati proizvod",,YES,NO,NO,NO,NO,YES,NO,NO,NO,2,AUTO_FIX_RENDER_TEXT
3222,"Mostarsko Zrno - Unikatna Mesna Kombinacija",https://drycured.com/recepti-baza/mostarsko-zrno-unikatna-mesna-kombinacija/,MD-MOSTARSKO_ZRNO_UNIKATNA_MESNA_KOMBINACIJA,,"suhomesnati proizvod",,NO,NO,NO,NO,NO,YES,NO,NO,NO,1,AUTO_FIX_RENDER_TEXT
3223,"Etnografska studija kulinarskog naslijeđa",https://drycured.com/recepti-baza/etnografska-studija-kulinarskog-naslijea/,MD-ETNOGRAFSKA_STUDIJA_KULINARSKOG_NASLIJEDA,Hrvatska,"Kulen | trajna fermentirana kobasica",,NO,NO,NO,NO,NO,NO,NO,NO,NO,0,OK_CONTENT_BASIC
3224,"Polendvytsia (Полендвиця) - Sušeni svinjski file",https://drycured.com/recepti-baza/polendvytsia-suseni-svinjski-file/,MD-POLENDVYTSIA_SUSENI_SVINJSKI_FILE,Hrvatska,"suhomesnati proizvod","sušenje + soljenje/salamurenje",YES,NO,YES,NO,NO,YES,NO,NO,NO,3,AUTO_FIX_RENDER_TEXT
3225,"Shukhevychivska Kovbasa (Шухевичівська ковбаса) - Sušena kobasica s paprom",https://drycured.com/recepti-baza/shukhevychivska-kovbasa-susena-kobasica-s-paprom/,MD-SHUKHEVYCHIVSKA_KOVBASA_SUSENA_KOBASICA_S_PAPROM,Hrvatska,"Suha kobasica","fermentacija + sušenje",YES,NO,YES,NO,NO,NO,NO,NO,NO,2,AUTO_FIX_RENDER_TEXT
3226,"Miasnyi Khlib (М'ясний хліб) - Mesni kruh",https://drycured.com/recepti-baza/miasnyi-khlib-mesni-kruh/,MD-MIASNYI_KHLIB_MESNI_KRUH,,"suhomesnati proizvod",sušenje,YES,NO,YES,NO,NO,YES,NO,NO,NO,3,AUTO_FIX_RENDER_TEXT
3227,"Dimlenyi Yazyk (Димлений язик) - Dimljeni goveđi jezik",https://drycured.com/recepti-baza/dimlenyi-yazyk-dimljeni-govei-jezik/,MD-DIMLENYI_YAZYK_DIMLJENI_GOVEDI_JEZIK,Hrvatska,"suhomesnati proizvod","dimljenje + sušenje + soljenje/salamurenje",NO,NO,NO,NO,NO,YES,NO,NO,NO,1,AUTO_FIX_RENDER_TEXT
3228,"Salo (Сало) - Ukrajinska slanina",https://drycured.com/recepti-baza/salo-ukrajinska-slanina/,MD-SALO_UKRAJINSKA_SLANINA,Ukrajina,"Sušeni dimljeni cijeli komad","sušenje + soljenje/salamurenje",YES,NO,YES,NO,YES,NO,NO,NO,NO,3,AUTO_FIX_RENDER_TEXT
3229,"Domašnja Kovbasa (Домашня ковбаса) - Domaća kobasica",https://drycured.com/recepti-baza/domasnja-kovbasa-domaca-kobasica/,MD-DOMASNJA_KOVBASA_DOMACA_KOBASICA,Hrvatska,"Suha kobasica","fermentacija + sušenje",YES,NO,YES,NO,NO,NO,NO,NO,NO,2,AUTO_FIX_RENDER_TEXT
3230,"Buženina (Буженина) - Pečena i sušena svinjetina",https://drycured.com/recepti-baza/buzenina-pecena-i-susena-svinjetina/,MD-BUZENINA_PECENA_I_SUSENA_SVINJETINA,,"suhomesnati proizvod",sušenje,YES,NO,YES,NO,NO,YES,NO,NO,NO,3,AUTO_FIX_RENDER_TEXT
3232,"Solonina (Солонина) - Salamurena govedina",https://drycured.com/recepti-baza/solonina-salamurena-govedina/,MD-SOLONINA_SALAMURENA_GOVEDINA,Hrvatska,"suha salama","sušenje + soljenje/salamurenje",NO,NO,NO,NO,NO,NO,NO,NO,NO,0,OK_CONTENT_BASIC
3233,"Češnjovke 1.2021 – domaća varijanta",https://drycured.com/recepti-baza/e-njovke-1-2021-doma-a-varijanta/,NEW-CESNJOVKE-2021,Hrvatska,"Suha kobasica","daljnji postupak prema namjeni | miješano | mljeveno | punjeno",NO,NO,NO,NO,NO,NO,NO,NO,NO,0,OK_CONTENT_BASIC
3234,"Kranjska 1.2021 – domaća varijanta",https://drycured.com/recepti-baza/kranjska-1-2021-doma-a-varijanta/,NEW-KRANJSKA-2021,"Hrvatska | Slovenija","Suha kobasica","daljnji postupak prema namjeni | miješano | mljeveno | punjeno",NO,NO,NO,NO,NO,NO,NO,NO,NO,0,OK_CONTENT_BASIC
3236,"Pečena salamurena slanina s toplim dimom",https://drycured.com/recepti-baza/pe-ena-salamurena-slanina-s-toplim-dimom/,NEW-PECENA-SALAMURENA-SLANINA,Hrvatska,"suha salama","mokri pac | pečenje | toplo dimljenje",NO,NO,NO,NO,YES,NO,NO,NO,NO,1,AUTO_FIX_RENDER_TEXT
3308,"Istarska kobasica",https://drycured.com/recepti-baza/hr-is-001-istarska-kobasica/,HR-IS-001,Hrvatska,"Suhe fermentirane kobasice","Fermentirano sušeno",NO,NO,NO,NO,NO,NO,NO,NO,NO,0,OK_CONTENT_BASIC
3309,"Rovinjska kobasica",https://drycured.com/recepti-baza/hr-is-002-rovinjska-kobasica/,HR-IS-002,Hrvatska,"Suhe fermentirane kobasice","Fermentirano sušeno",NO,NO,NO,NO,NO,NO,NO,NO,NO,0,OK_CONTENT_BASIC
3310,"Pazinska kobasica",https://drycured.com/recepti-baza/hr-is-003-pazinska-kobasica/,HR-IS-003,Hrvatska,"Suhe fermentirane kobasice","Fermentirano sušeno dimljeno",NO,NO,NO,NO,NO,NO,NO,NO,NO,0,OK_CONTENT_BASIC
3311,"Lička kobasica",https://drycured.com/recepti-baza/hr-li-001-licka-kobasica/,HR-LI-001,Hrvatska,"Suhe fermentirane kobasice","Fermentirano dimljeno sušeno",NO,NO,NO,NO,NO,NO,NO,NO,NO,0,OK_CONTENT_BASIC
3312,"Sinjska kobasica",https://drycured.com/recepti-baza/hr-da-001-sinjska-kobasica/,HR-DA-001,Hrvatska,"Suhe fermentirane kobasice","Fermentirano blago dimljeno sušeno",NO,NO,NO,NO,NO,NO,NO,NO,NO,0,OK_CONTENT_BASIC
3313,"Korčulanska kobasica",https://drycured.com/recepti-baza/hr-da-002-korculanska-kobasica/,HR-DA-002,Hrvatska,"Suhe fermentirane kobasice","Fermentirano nedimljeno sušeno",NO,NO,NO,NO,NO,NO,NO,NO,NO,0,OK_CONTENT_BASIC
3314,"Hvarska prstena kobasica",https://drycured.com/recepti-baza/hr-da-003-hvarska-prstena-kobasica/,HR-DA-003,Hrvatska,"Suhe fermentirane kobasice","Fermentirano sušeno (oblik prstena)",NO,NO,NO,NO,NO,NO,NO,NO,NO,0,OK_CONTENT_BASIC
3315,"Vrgorački kulen",https://drycured.com/recepti-baza/hr-da-004-vrgoracki-kulen/,HR-DA-004,Hrvatska,"Suhe fermentirane kobasice","Fermentirano dimljeno dugo sušeno",NO,NO,NO,NO,NO,NO,NO,NO,NO,0,OK_CONTENT_BASIC
