slug	post_id	seo_title	meta_description
home	101	Drycured.com — enciklopedija suhomesnatih proizvoda, recepti i alati	Drycured.com okuplja znanje, recepte, alate i vodiče za sigurnu domaću izradu suhomesnatih proizvoda, od sirovine do zrenja.
proces-izrade	2864	Proces izrade suhomesnatih proizvoda — od sirovine do pakiranja	Vodič kroz sve faze izrade suhomesnatih proizvoda: sirovina, soljenje, mljevenje, fermentacija, dimljenje, sušenje, zrenje i pakiranje.
recepti	102	Recepti za suhomesnate proizvode — tradicionalna i domaća izrada	Pronađite recepte za kobasice, salame, pršute, pancete i druge suhomesnate proizvode, prilagođene domaćoj i maloj proizvodnji.
savjeti	104	Savjeti iz pušnice — greške, rješenja i praktična kontrola procesa	Praktični savjeti za domaću izradu suhomesnatih proizvoda: najčešće greške, uzroci problema i konkretna rješenja u pušnici i komori.
infografike	1664	Infografike o suhomesnatim proizvodima — vizualni vodiči	Katalog edukativnih infografika o mesu, soljenju, dimljenju, sušenju, zrenju, sigurnosti i tradicionalnoj izradi suhomesnatih proizvoda.
alati	2349	Alati za izradu suhomesnatih proizvoda — kalkulatori i praćenje procesa	Praktični alati za soljenje, dimljenje, sušenje, pH, dnevnik serije, etikete i kontrolu procesa u domaćoj izradi suhomesnatih proizvoda.
kalkulator-susenja	2823	Kalkulator sušenja suhomesnatih proizvoda — gubitak mase i ciljna težina	Izračunajte i pratite gubitak mase tijekom sušenja kobasica, salama i mesa prema početnoj masi, ciljanoj težini i fazama procesa.
planer-dimljenja	2795	Planer dimljenja suhomesnatih proizvoda — raspored dima i odmora	Isplanirajte hladno dimljenje, odmore između dimova i kontrolu procesa za kobasice, salame, slaninu, vratinu i druge proizvode.
pracenje-ph	2819	Praćenje pH fermentacije — sigurnost kobasica i salama	Pratite pH vrijednost tijekom fermentacije kobasica i salama radi bolje sigurnosti, stabilnosti, arome i kontrole procesa.
starter-kulture	2945	Starter kulture za suhomesnate proizvode — fermentacija i sigurnost	Vodič kroz starter kulture u domaćoj i maloj proizvodnji: uloga bakterija, fermentacija, pH, sigurnost, aroma i izbor kulture.
knjiga	1428	Knjiga o suhomesnatim proizvodima — enciklopedija, recepti i tehnike	Pregled knjige o suhomesnatim proizvodima s enciklopedijskim znanjem, postupcima, receptima, tablicama i praktičnim vodičima.
podcast	2191	Drycured podcast — razgovori o suhomesnatim proizvodima i pušnici	Podcast o domaćoj izradi suhomesnatih proizvoda, fermentaciji, dimljenju, sušenju, sigurnosti, greškama i praktičnim iskustvima.
atlas-stilova-europe	2934	Atlas stilova Europe — tradicije suhomesnatih proizvoda	Interaktivni atlas europskih stilova suhomesnatih proizvoda: mediteranski, panonski, alpski, dinarski, atlantski i srednjoeuropski pristupi.
greske	2915	Greške i rješenja u izradi suhomesnatih proizvoda — vodič za praksu	Vodič kroz najčešće probleme u izradi suhomesnatih proizvoda: tvrda kora, kiseli miris, plijesan, zračni džepovi, gorčina i užeglost.
