"source_path","size_bytes","copied_to"
"/opt/swab/ops/incidents/2026-03-30_SWABTOOLS_SUBDOMAIN_DNS_FIX.md","674","04_OPERATION/server-reports/2026-05-24_16-56-15/files/opt/swab/ops/incidents/2026-03-30_SWABTOOLS_SUBDOMAIN_DNS_FIX.md"
"/root/.acme.sh/deploy/README.md","101","04_OPERATION/server-reports/2026-05-24_16-56-15/files/root/.acme.sh/deploy/README.md"
"/root/.acme.sh/dnsapi/README.md","94","04_OPERATION/server-reports/2026-05-24_16-56-15/files/root/.acme.sh/dnsapi/README.md"
"/root/drycured_after_home_process_rail_2026-05-20_19-33-33/curl_alati_after.txt","487","04_OPERATION/server-reports/2026-05-24_16-56-15/files/root/drycured_after_home_process_rail_2026-05-20_19-33-33/curl_alati_after.txt"
"/root/drycured_after_home_process_rail_2026-05-20_19-33-33/curl_home_after.txt","479","04_OPERATION/server-reports/2026-05-24_16-56-15/files/root/drycured_after_home_process_rail_2026-05-20_19-33-33/curl_home_after.txt"
"/root/drycured_after_home_process_rail_2026-05-20_19-33-33/curl_recepti_after.txt","485","04_OPERATION/server-reports/2026-05-24_16-56-15/files/root/drycured_after_home_process_rail_2026-05-20_19-33-33/curl_recepti_after.txt"
"/root/drycured_after_home_process_rail_2026-05-20_19-33-33/home_elementor_data_after_process_rail.json","36064","04_OPERATION/server-reports/2026-05-24_16-56-15/files/root/drycured_after_home_process_rail_2026-05-20_19-33-33/home_elementor_data_after_process_rail.json"
"/root/drycured_after_home_process_rail_2026-05-20_19-33-33/home_post_after_process_rail.json","10893","04_OPERATION/server-reports/2026-05-24_16-56-15/files/root/drycured_after_home_process_rail_2026-05-20_19-33-33/home_post_after_process_rail.json"
"/root/drycured_after_home_process_rail_2026-05-20_19-33-33/home_process_rail_presence.txt","64","04_OPERATION/server-reports/2026-05-24_16-56-15/files/root/drycured_after_home_process_rail_2026-05-20_19-33-33/home_process_rail_presence.txt"
"/root/drycured_atlas_europe_before_2026-05-23_09-16-18/drycured-home-core-before/HOME_PROCESS_IMAGES.md","698","04_OPERATION/server-reports/2026-05-24_16-56-15/files/root/drycured_atlas_europe_before_2026-05-23_09-16-18/drycured-home-core-before/HOME_PROCESS_IMAGES.md"
"/root/drycured_atlas_europe_before_2026-05-23_09-16-18/drycured-home-core-before/README.md","657","04_OPERATION/server-reports/2026-05-24_16-56-15/files/root/drycured_atlas_europe_before_2026-05-23_09-16-18/drycured-home-core-before/README.md"
"/root/drycured_atlas_existing_tools_v059_before_2026-05-23_10-16-03/drycured-home-core-before/HOME_PROCESS_IMAGES.md","698","04_OPERATION/server-reports/2026-05-24_16-56-15/files/root/drycured_atlas_existing_tools_v059_before_2026-05-23_10-16-03/drycured-home-core-before/HOME_PROCESS_IMAGES.md"
"/root/drycured_atlas_existing_tools_v059_before_2026-05-23_10-16-03/drycured-home-core-before/README.md","657","04_OPERATION/server-reports/2026-05-24_16-56-15/files/root/drycured_atlas_existing_tools_v059_before_2026-05-23_10-16-03/drycured-home-core-before/README.md"
"/root/drycured_atlas_gallery_v071_before_2026-05-24_13-59-37/drycured-home-core-before/HOME_PROCESS_IMAGES.md","698","04_OPERATION/server-reports/2026-05-24_16-56-15/files/root/drycured_atlas_gallery_v071_before_2026-05-24_13-59-37/drycured-home-core-before/HOME_PROCESS_IMAGES.md"
"/root/drycured_atlas_gallery_v071_before_2026-05-24_13-59-37/drycured-home-core-before/README.md","657","04_OPERATION/server-reports/2026-05-24_16-56-15/files/root/drycured_atlas_gallery_v071_before_2026-05-24_13-59-37/drycured-home-core-before/README.md"
"/root/drycured_atlas_hotspots_v074_before_2026-05-24_14-29-37/drycured-home-core-before/HOME_PROCESS_IMAGES.md","698","04_OPERATION/server-reports/2026-05-24_16-56-15/files/root/drycured_atlas_hotspots_v074_before_2026-05-24_14-29-37/drycured-home-core-before/HOME_PROCESS_IMAGES.md"
"/root/drycured_atlas_hotspots_v074_before_2026-05-24_14-29-37/drycured-home-core-before/README.md","657","04_OPERATION/server-reports/2026-05-24_16-56-15/files/root/drycured_atlas_hotspots_v074_before_2026-05-24_14-29-37/drycured-home-core-before/README.md"
"/root/drycured_atlas_hotspots_v075_before_2026-05-24_14-34-21/drycured-home-core-before/HOME_PROCESS_IMAGES.md","698","04_OPERATION/server-reports/2026-05-24_16-56-15/files/root/drycured_atlas_hotspots_v075_before_2026-05-24_14-34-21/drycured-home-core-before/HOME_PROCESS_IMAGES.md"
"/root/drycured_atlas_hotspots_v075_before_2026-05-24_14-34-21/drycured-home-core-before/README.md","657","04_OPERATION/server-reports/2026-05-24_16-56-15/files/root/drycured_atlas_hotspots_v075_before_2026-05-24_14-34-21/drycured-home-core-before/README.md"
"/root/drycured_atlas_hotspots_v076_before_2026-05-24_14-46-51/drycured-home-core-before/HOME_PROCESS_IMAGES.md","698","04_OPERATION/server-reports/2026-05-24_16-56-15/files/root/drycured_atlas_hotspots_v076_before_2026-05-24_14-46-51/drycured-home-core-before/HOME_PROCESS_IMAGES.md"
"/root/drycured_atlas_hotspots_v076_before_2026-05-24_14-46-51/drycured-home-core-before/README.md","657","04_OPERATION/server-reports/2026-05-24_16-56-15/files/root/drycured_atlas_hotspots_v076_before_2026-05-24_14-46-51/drycured-home-core-before/README.md"
"/root/drycured_atlas_hotspots_v077_before_2026-05-24_14-51-04/drycured-home-core-before/HOME_PROCESS_IMAGES.md","698","04_OPERATION/server-reports/2026-05-24_16-56-15/files/root/drycured_atlas_hotspots_v077_before_2026-05-24_14-51-04/drycured-home-core-before/HOME_PROCESS_IMAGES.md"
"/root/drycured_atlas_hotspots_v077_before_2026-05-24_14-51-04/drycured-home-core-before/README.md","657","04_OPERATION/server-reports/2026-05-24_16-56-15/files/root/drycured_atlas_hotspots_v077_before_2026-05-24_14-51-04/drycured-home-core-before/README.md"
"/root/drycured_atlas_hotspots_v078_before_2026-05-24_14-53-36/drycured-home-core-before/HOME_PROCESS_IMAGES.md","698","04_OPERATION/server-reports/2026-05-24_16-56-15/files/root/drycured_atlas_hotspots_v078_before_2026-05-24_14-53-36/drycured-home-core-before/HOME_PROCESS_IMAGES.md"
"/root/drycured_atlas_hotspots_v078_before_2026-05-24_14-53-36/drycured-home-core-before/README.md","657","04_OPERATION/server-reports/2026-05-24_16-56-15/files/root/drycured_atlas_hotspots_v078_before_2026-05-24_14-53-36/drycured-home-core-before/README.md"
"/root/drycured_atlas_hotspots_v079_before_2026-05-24_14-56-46/drycured-home-core-before/HOME_PROCESS_IMAGES.md","698","04_OPERATION/server-reports/2026-05-24_16-56-15/files/root/drycured_atlas_hotspots_v079_before_2026-05-24_14-56-46/drycured-home-core-before/HOME_PROCESS_IMAGES.md"
"/root/drycured_atlas_hotspots_v079_before_2026-05-24_14-56-46/drycured-home-core-before/README.md","657","04_OPERATION/server-reports/2026-05-24_16-56-15/files/root/drycured_atlas_hotspots_v079_before_2026-05-24_14-56-46/drycured-home-core-before/README.md"
"/root/drycured_atlas_hotspots_v080_before_2026-05-24_14-59-29/drycured-home-core-before/HOME_PROCESS_IMAGES.md","698","04_OPERATION/server-reports/2026-05-24_16-56-15/files/root/drycured_atlas_hotspots_v080_before_2026-05-24_14-59-29/drycured-home-core-before/HOME_PROCESS_IMAGES.md"
"/root/drycured_atlas_hotspots_v080_before_2026-05-24_14-59-29/drycured-home-core-before/README.md","657","04_OPERATION/server-reports/2026-05-24_16-56-15/files/root/drycured_atlas_hotspots_v080_before_2026-05-24_14-59-29/drycured-home-core-before/README.md"
"/root/drycured_atlas_hotspots_v081_before_2026-05-24_15-02-04/drycured-home-core-before/HOME_PROCESS_IMAGES.md","698","04_OPERATION/server-reports/2026-05-24_16-56-15/files/root/drycured_atlas_hotspots_v081_before_2026-05-24_15-02-04/drycured-home-core-before/HOME_PROCESS_IMAGES.md"
"/root/drycured_atlas_hotspots_v081_before_2026-05-24_15-02-04/drycured-home-core-before/README.md","657","04_OPERATION/server-reports/2026-05-24_16-56-15/files/root/drycured_atlas_hotspots_v081_before_2026-05-24_15-02-04/drycured-home-core-before/README.md"
"/root/drycured_atlas_hotspots_v082_before_2026-05-24_15-04-34/drycured-home-core-before/HOME_PROCESS_IMAGES.md","698","04_OPERATION/server-reports/2026-05-24_16-56-15/files/root/drycured_atlas_hotspots_v082_before_2026-05-24_15-04-34/drycured-home-core-before/HOME_PROCESS_IMAGES.md"
"/root/drycured_atlas_hotspots_v082_before_2026-05-24_15-04-34/drycured-home-core-before/README.md","657","04_OPERATION/server-reports/2026-05-24_16-56-15/files/root/drycured_atlas_hotspots_v082_before_2026-05-24_15-04-34/drycured-home-core-before/README.md"
"/root/drycured_atlas_hotspots_v083_before_2026-05-24_15-07-41/drycured-home-core-before/HOME_PROCESS_IMAGES.md","698","04_OPERATION/server-reports/2026-05-24_16-56-15/files/root/drycured_atlas_hotspots_v083_before_2026-05-24_15-07-41/drycured-home-core-before/HOME_PROCESS_IMAGES.md"
"/root/drycured_atlas_hotspots_v083_before_2026-05-24_15-07-41/drycured-home-core-before/README.md","657","04_OPERATION/server-reports/2026-05-24_16-56-15/files/root/drycured_atlas_hotspots_v083_before_2026-05-24_15-07-41/drycured-home-core-before/README.md"
"/root/drycured_atlas_hotspots_v084_before_2026-05-24_15-09-02/drycured-home-core-before/HOME_PROCESS_IMAGES.md","698","04_OPERATION/server-reports/2026-05-24_16-56-15/files/root/drycured_atlas_hotspots_v084_before_2026-05-24_15-09-02/drycured-home-core-before/HOME_PROCESS_IMAGES.md"
"/root/drycured_atlas_hotspots_v084_before_2026-05-24_15-09-02/drycured-home-core-before/README.md","657","04_OPERATION/server-reports/2026-05-24_16-56-15/files/root/drycured_atlas_hotspots_v084_before_2026-05-24_15-09-02/drycured-home-core-before/README.md"
"/root/drycured_atlas_hotspots_v085_before_2026-05-24_15-10-09/drycured-home-core-before/HOME_PROCESS_IMAGES.md","698","04_OPERATION/server-reports/2026-05-24_16-56-15/files/root/drycured_atlas_hotspots_v085_before_2026-05-24_15-10-09/drycured-home-core-before/HOME_PROCESS_IMAGES.md"
"/root/drycured_atlas_hotspots_v085_before_2026-05-24_15-10-09/drycured-home-core-before/README.md","657","04_OPERATION/server-reports/2026-05-24_16-56-15/files/root/drycured_atlas_hotspots_v085_before_2026-05-24_15-10-09/drycured-home-core-before/README.md"
"/root/drycured_atlas_hotspots_v086_before_2026-05-24_15-12-52/drycured-home-core-before/HOME_PROCESS_IMAGES.md","698","04_OPERATION/server-reports/2026-05-24_16-56-15/files/root/drycured_atlas_hotspots_v086_before_2026-05-24_15-12-52/drycured-home-core-before/HOME_PROCESS_IMAGES.md"
"/root/drycured_atlas_hotspots_v086_before_2026-05-24_15-12-52/drycured-home-core-before/README.md","657","04_OPERATION/server-reports/2026-05-24_16-56-15/files/root/drycured_atlas_hotspots_v086_before_2026-05-24_15-12-52/drycured-home-core-before/README.md"
"/root/drycured_atlas_hotspots_v087_before_2026-05-24_15-15-05/drycured-home-core-before/HOME_PROCESS_IMAGES.md","698","04_OPERATION/server-reports/2026-05-24_16-56-15/files/root/drycured_atlas_hotspots_v087_before_2026-05-24_15-15-05/drycured-home-core-before/HOME_PROCESS_IMAGES.md"
"/root/drycured_atlas_hotspots_v087_before_2026-05-24_15-15-05/drycured-home-core-before/README.md","657","04_OPERATION/server-reports/2026-05-24_16-56-15/files/root/drycured_atlas_hotspots_v087_before_2026-05-24_15-15-05/drycured-home-core-before/README.md"
"/root/drycured_atlas_hotspots_v088_before_2026-05-24_15-23-26/drycured-home-core-before/HOME_PROCESS_IMAGES.md","698","04_OPERATION/server-reports/2026-05-24_16-56-15/files/root/drycured_atlas_hotspots_v088_before_2026-05-24_15-23-26/drycured-home-core-before/HOME_PROCESS_IMAGES.md"
"/root/drycured_atlas_hotspots_v088_before_2026-05-24_15-23-26/drycured-home-core-before/README.md","657","04_OPERATION/server-reports/2026-05-24_16-56-15/files/root/drycured_atlas_hotspots_v088_before_2026-05-24_15-23-26/drycured-home-core-before/README.md"
"/root/drycured_atlas_hotspots_v089_before_2026-05-24_15-25-54/drycured-home-core-before/HOME_PROCESS_IMAGES.md","698","04_OPERATION/server-reports/2026-05-24_16-56-15/files/root/drycured_atlas_hotspots_v089_before_2026-05-24_15-25-54/drycured-home-core-before/HOME_PROCESS_IMAGES.md"
"/root/drycured_atlas_hotspots_v089_before_2026-05-24_15-25-54/drycured-home-core-before/README.md","657","04_OPERATION/server-reports/2026-05-24_16-56-15/files/root/drycured_atlas_hotspots_v089_before_2026-05-24_15-25-54/drycured-home-core-before/README.md"
"/root/drycured_atlas_hotspots_v090_before_2026-05-24_15-27-39/drycured-home-core-before/HOME_PROCESS_IMAGES.md","698","04_OPERATION/server-reports/2026-05-24_16-56-15/files/root/drycured_atlas_hotspots_v090_before_2026-05-24_15-27-39/drycured-home-core-before/HOME_PROCESS_IMAGES.md"
"/root/drycured_atlas_hotspots_v090_before_2026-05-24_15-27-39/drycured-home-core-before/README.md","657","04_OPERATION/server-reports/2026-05-24_16-56-15/files/root/drycured_atlas_hotspots_v090_before_2026-05-24_15-27-39/drycured-home-core-before/README.md"
"/root/drycured_atlas_hotspots_v091_before_2026-05-24_15-29-42/drycured-home-core-before/HOME_PROCESS_IMAGES.md","698","04_OPERATION/server-reports/2026-05-24_16-56-15/files/root/drycured_atlas_hotspots_v091_before_2026-05-24_15-29-42/drycured-home-core-before/HOME_PROCESS_IMAGES.md"
"/root/drycured_atlas_hotspots_v091_before_2026-05-24_15-29-42/drycured-home-core-before/README.md","657","04_OPERATION/server-reports/2026-05-24_16-56-15/files/root/drycured_atlas_hotspots_v091_before_2026-05-24_15-29-42/drycured-home-core-before/README.md"
"/root/drycured_atlas_hotspots_v092_before_2026-05-24_15-30-59/drycured-home-core-before/HOME_PROCESS_IMAGES.md","698","04_OPERATION/server-reports/2026-05-24_16-56-15/files/root/drycured_atlas_hotspots_v092_before_2026-05-24_15-30-59/drycured-home-core-before/HOME_PROCESS_IMAGES.md"
"/root/drycured_atlas_hotspots_v092_before_2026-05-24_15-30-59/drycured-home-core-before/README.md","657","04_OPERATION/server-reports/2026-05-24_16-56-15/files/root/drycured_atlas_hotspots_v092_before_2026-05-24_15-30-59/drycured-home-core-before/README.md"
"/root/drycured_atlas_hotspots_v093_before_2026-05-24_15-43-32/drycured-home-core-before/HOME_PROCESS_IMAGES.md","698","04_OPERATION/server-reports/2026-05-24_16-56-15/files/root/drycured_atlas_hotspots_v093_before_2026-05-24_15-43-32/drycured-home-core-before/HOME_PROCESS_IMAGES.md"
"/root/drycured_atlas_hotspots_v093_before_2026-05-24_15-43-32/drycured-home-core-before/README.md","657","04_OPERATION/server-reports/2026-05-24_16-56-15/files/root/drycured_atlas_hotspots_v093_before_2026-05-24_15-43-32/drycured-home-core-before/README.md"
"/root/drycured_atlas_hotspots_v093_before_2026-05-24_15-46-09/drycured-home-core-before/HOME_PROCESS_IMAGES.md","698","04_OPERATION/server-reports/2026-05-24_16-56-15/files/root/drycured_atlas_hotspots_v093_before_2026-05-24_15-46-09/drycured-home-core-before/HOME_PROCESS_IMAGES.md"
"/root/drycured_atlas_hotspots_v093_before_2026-05-24_15-46-09/drycured-home-core-before/README.md","657","04_OPERATION/server-reports/2026-05-24_16-56-15/files/root/drycured_atlas_hotspots_v093_before_2026-05-24_15-46-09/drycured-home-core-before/README.md"
"/root/drycured_atlas_hotspots_v095_before_2026-05-24_15-48-02/drycured-home-core-before/HOME_PROCESS_IMAGES.md","698","04_OPERATION/server-reports/2026-05-24_16-56-15/files/root/drycured_atlas_hotspots_v095_before_2026-05-24_15-48-02/drycured-home-core-before/HOME_PROCESS_IMAGES.md"
"/root/drycured_atlas_hotspots_v095_before_2026-05-24_15-48-02/drycured-home-core-before/README.md","657","04_OPERATION/server-reports/2026-05-24_16-56-15/files/root/drycured_atlas_hotspots_v095_before_2026-05-24_15-48-02/drycured-home-core-before/README.md"
"/root/drycured_atlas_hotspots_v096_before_2026-05-24_15-49-17/drycured-home-core-before/HOME_PROCESS_IMAGES.md","698","04_OPERATION/server-reports/2026-05-24_16-56-15/files/root/drycured_atlas_hotspots_v096_before_2026-05-24_15-49-17/drycured-home-core-before/HOME_PROCESS_IMAGES.md"
"/root/drycured_atlas_hotspots_v096_before_2026-05-24_15-49-17/drycured-home-core-before/README.md","657","04_OPERATION/server-reports/2026-05-24_16-56-15/files/root/drycured_atlas_hotspots_v096_before_2026-05-24_15-49-17/drycured-home-core-before/README.md"
"/root/drycured_atlas_interactive_map_v072_before_2026-05-24_14-08-25/drycured-home-core-before/HOME_PROCESS_IMAGES.md","698","04_OPERATION/server-reports/2026-05-24_16-56-15/files/root/drycured_atlas_interactive_map_v072_before_2026-05-24_14-08-25/drycured-home-core-before/HOME_PROCESS_IMAGES.md"
"/root/drycured_atlas_interactive_map_v072_before_2026-05-24_14-08-25/drycured-home-core-before/README.md","657","04_OPERATION/server-reports/2026-05-24_16-56-15/files/root/drycured_atlas_interactive_map_v072_before_2026-05-24_14-08-25/drycured-home-core-before/README.md"
"/root/drycured_atlas_interactive_map_v073_before_2026-05-24_14-22-00/drycured-home-core-before/HOME_PROCESS_IMAGES.md","698","04_OPERATION/server-reports/2026-05-24_16-56-15/files/root/drycured_atlas_interactive_map_v073_before_2026-05-24_14-22-00/drycured-home-core-before/HOME_PROCESS_IMAGES.md"
"/root/drycured_atlas_interactive_map_v073_before_2026-05-24_14-22-00/drycured-home-core-before/README.md","657","04_OPERATION/server-reports/2026-05-24_16-56-15/files/root/drycured_atlas_interactive_map_v073_before_2026-05-24_14-22-00/drycured-home-core-before/README.md"
"/root/drycured_atlas_map_v070_before_2026-05-24_07-01-55/drycured-home-core-before/HOME_PROCESS_IMAGES.md","698","04_OPERATION/server-reports/2026-05-24_16-56-15/files/root/drycured_atlas_map_v070_before_2026-05-24_07-01-55/drycured-home-core-before/HOME_PROCESS_IMAGES.md"
"/root/drycured_atlas_map_v070_before_2026-05-24_07-01-55/drycured-home-core-before/README.md","657","04_OPERATION/server-reports/2026-05-24_16-56-15/files/root/drycured_atlas_map_v070_before_2026-05-24_07-01-55/drycured-home-core-before/README.md"
"/root/drycured_atlas_map_v070_EMERGENCY_DISABLE_2026-05-24_07-03-51/drycured-home-core-before-disable/HOME_PROCESS_IMAGES.md","698","04_OPERATION/server-reports/2026-05-24_16-56-15/files/root/drycured_atlas_map_v070_EMERGENCY_DISABLE_2026-05-24_07-03-51/drycured-home-core-before-disable/HOME_PROCESS_IMAGES.md"
"/root/drycured_atlas_map_v070_EMERGENCY_DISABLE_2026-05-24_07-03-51/drycured-home-core-before-disable/README.md","657","04_OPERATION/server-reports/2026-05-24_16-56-15/files/root/drycured_atlas_map_v070_EMERGENCY_DISABLE_2026-05-24_07-03-51/drycured-home-core-before-disable/README.md"
"/root/drycured_atlas_tools_linking_v058_before_2026-05-23_10-12-16/drycured-home-core-before/HOME_PROCESS_IMAGES.md","698","04_OPERATION/server-reports/2026-05-24_16-56-15/files/root/drycured_atlas_tools_linking_v058_before_2026-05-23_10-12-16/drycured-home-core-before/HOME_PROCESS_IMAGES.md"
"/root/drycured_atlas_tools_linking_v058_before_2026-05-23_10-12-16/drycured-home-core-before/README.md","657","04_OPERATION/server-reports/2026-05-24_16-56-15/files/root/drycured_atlas_tools_linking_v058_before_2026-05-23_10-12-16/drycured-home-core-before/README.md"
"/root/drycured_atlas_v2_before_2026-05-23_10-08-12/drycured-home-core-before/HOME_PROCESS_IMAGES.md","698","04_OPERATION/server-reports/2026-05-24_16-56-15/files/root/drycured_atlas_v2_before_2026-05-23_10-08-12/drycured-home-core-before/HOME_PROCESS_IMAGES.md"
"/root/drycured_atlas_v2_before_2026-05-23_10-08-12/drycured-home-core-before/README.md","657","04_OPERATION/server-reports/2026-05-24_16-56-15/files/root/drycured_atlas_v2_before_2026-05-23_10-08-12/drycured-home-core-before/README.md"
"/root/drycured_backups/home_elementor_before_hero_text_width_fix_20260510_154540.json","36037","04_OPERATION/server-reports/2026-05-24_16-56-15/files/root/drycured_backups/home_elementor_before_hero_text_width_fix_20260510_154540.json"
"/root/drycured_backups/home_elementor_before_hexagon_fix_20260510_154302.json","36291","04_OPERATION/server-reports/2026-05-24_16-56-15/files/root/drycured_backups/home_elementor_before_hexagon_fix_20260510_154302.json"
"/root/drycured_backups/home_elementor_before_podcast_20260510_103122.json","36291","04_OPERATION/server-reports/2026-05-24_16-56-15/files/root/drycured_backups/home_elementor_before_podcast_20260510_103122.json"
"/root/drycured-backups/page-recepti-102-before-fix-2026-05-15_174144/page-102-meta.json","997","04_OPERATION/server-reports/2026-05-24_16-56-15/files/root/drycured-backups/page-recepti-102-before-fix-2026-05-15_174144/page-102-meta.json"
"/root/drycured-backups/page-recepti-102-before-fix-2026-05-15_174144/page-102-post.json","600","04_OPERATION/server-reports/2026-05-24_16-56-15/files/root/drycured-backups/page-recepti-102-before-fix-2026-05-15_174144/page-102-post.json"
"/root/drycured_backups/podcast_page_before_archive_20260510_143935.json","715","04_OPERATION/server-reports/2026-05-24_16-56-15/files/root/drycured_backups/podcast_page_before_archive_20260510_143935.json"
"/root/drycured_backups/podcast_page_before_archive_20260510_143954.json","715","04_OPERATION/server-reports/2026-05-24_16-56-15/files/root/drycured_backups/podcast_page_before_archive_20260510_143954.json"
"/root/drycured_backups/podcast_page_meta_before_archive_20260510_143935.json","2","04_OPERATION/server-reports/2026-05-24_16-56-15/files/root/drycured_backups/podcast_page_meta_before_archive_20260510_143935.json"
"/root/drycured_backups/podcast_page_meta_before_archive_20260510_143954.json","2","04_OPERATION/server-reports/2026-05-24_16-56-15/files/root/drycured_backups/podcast_page_meta_before_archive_20260510_143954.json"
"/root/drycured_broken_plugins_backup/drycured-latest-posts_2026-05-12-1935/drycured-latest-posts\README.md","451","04_OPERATION/server-reports/2026-05-24_16-56-15/files/root/drycured_broken_plugins_backup/drycured-latest-posts_2026-05-12-1935/drycured-latest-posts\README.md"
"/root/drycured_error_pages_before_ui_fix_2026-05-21_15-49-58/drycured-home-core/HOME_PROCESS_IMAGES.md","698","04_OPERATION/server-reports/2026-05-24_16-56-15/files/root/drycured_error_pages_before_ui_fix_2026-05-21_15-49-58/drycured-home-core/HOME_PROCESS_IMAGES.md"
"/root/drycured_error_pages_before_ui_fix_2026-05-21_15-49-58/drycured-home-core/README.md","657","04_OPERATION/server-reports/2026-05-24_16-56-15/files/root/drycured_error_pages_before_ui_fix_2026-05-21_15-49-58/drycured-home-core/README.md"
"/root/drycured_error_pages_before_ui_fix_2026-05-21_15-49-58/greske_2916_razmazana-mast-u-presjeku.json","2321","04_OPERATION/server-reports/2026-05-24_16-56-15/files/root/drycured_error_pages_before_ui_fix_2026-05-21_15-49-58/greske_2916_razmazana-mast-u-presjeku.json"
"/root/drycured_error_pages_before_ui_fix_2026-05-21_15-49-58/greske_2917_tvrda-kora-mekana-jezgra.json","2326","04_OPERATION/server-reports/2026-05-24_16-56-15/files/root/drycured_error_pages_before_ui_fix_2026-05-21_15-49-58/greske_2917_tvrda-kora-mekana-jezgra.json"
"/root/drycured_error_pages_before_ui_fix_2026-05-21_15-49-58/greske_2918_kiseli-miris-jezgre.json","2266","04_OPERATION/server-reports/2026-05-24_16-56-15/files/root/drycured_error_pages_before_ui_fix_2026-05-21_15-49-58/greske_2918_kiseli-miris-jezgre.json"
"/root/drycured_error_pages_before_ui_fix_2026-05-21_15-49-58/greske_2919_zracni-dzepovi-u-kobasici.json","2237","04_OPERATION/server-reports/2026-05-24_16-56-15/files/root/drycured_error_pages_before_ui_fix_2026-05-21_15-49-58/greske_2919_zracni-dzepovi-u-kobasici.json"
"/root/drycured_error_pages_before_ui_fix_2026-05-21_15-49-58/greske_2920_kondenzacija-na-proizvodu.json","2210","04_OPERATION/server-reports/2026-05-24_16-56-15/files/root/drycured_error_pages_before_ui_fix_2026-05-21_15-49-58/greske_2920_kondenzacija-na-proizvodu.json"
"/root/drycured_error_pages_before_ui_fix_2026-05-21_15-49-58/greske_2921_nezeljena-plijesan.json","2756","04_OPERATION/server-reports/2026-05-24_16-56-15/files/root/drycured_error_pages_before_ui_fix_2026-05-21_15-49-58/greske_2921_nezeljena-plijesan.json"
"/root/drycured_error_pages_before_ui_fix_2026-05-21_15-49-58/greske_2922_gorcina-od-dima.json","2186","04_OPERATION/server-reports/2026-05-24_16-56-15/files/root/drycured_error_pages_before_ui_fix_2026-05-21_15-49-58/greske_2922_gorcina-od-dima.json"
"/root/drycured_error_pages_before_ui_fix_2026-05-21_15-49-58/greske_2923_uzeglost-masti.json","2183","04_OPERATION/server-reports/2026-05-24_16-56-15/files/root/drycured_error_pages_before_ui_fix_2026-05-21_15-49-58/greske_2923_uzeglost-masti.json"
"/root/drycured_error_pages_before_ui_fix_2026-05-21_15-49-58/greske_parent.json","765","04_OPERATION/server-reports/2026-05-24_16-56-15/files/root/drycured_error_pages_before_ui_fix_2026-05-21_15-49-58/greske_parent.json"
"/root/drycured_error_pages_modern_fix_2026-05-21_15-56-47/drycured-home-core/HOME_PROCESS_IMAGES.md","698","04_OPERATION/server-reports/2026-05-24_16-56-15/files/root/drycured_error_pages_modern_fix_2026-05-21_15-56-47/drycured-home-core/HOME_PROCESS_IMAGES.md"
"/root/drycured_error_pages_modern_fix_2026-05-21_15-56-47/drycured-home-core/README.md","657","04_OPERATION/server-reports/2026-05-24_16-56-15/files/root/drycured_error_pages_modern_fix_2026-05-21_15-56-47/drycured-home-core/README.md"
"/root/drycured_error_pages_modern_fix_2026-05-21_15-56-47/greske_2916_razmazana-mast-u-presjeku.json","2658","04_OPERATION/server-reports/2026-05-24_16-56-15/files/root/drycured_error_pages_modern_fix_2026-05-21_15-56-47/greske_2916_razmazana-mast-u-presjeku.json"
"/root/drycured_error_pages_modern_fix_2026-05-21_15-56-47/greske_2917_tvrda-kora-mekana-jezgra.json","2663","04_OPERATION/server-reports/2026-05-24_16-56-15/files/root/drycured_error_pages_modern_fix_2026-05-21_15-56-47/greske_2917_tvrda-kora-mekana-jezgra.json"
"/root/drycured_error_pages_modern_fix_2026-05-21_15-56-47/greske_2918_kiseli-miris-jezgre.json","2597","04_OPERATION/server-reports/2026-05-24_16-56-15/files/root/drycured_error_pages_modern_fix_2026-05-21_15-56-47/greske_2918_kiseli-miris-jezgre.json"
"/root/drycured_error_pages_modern_fix_2026-05-21_15-56-47/greske_2919_zracni-dzepovi-u-kobasici.json","2584","04_OPERATION/server-reports/2026-05-24_16-56-15/files/root/drycured_error_pages_modern_fix_2026-05-21_15-56-47/greske_2919_zracni-dzepovi-u-kobasici.json"
"/root/drycured_error_pages_modern_fix_2026-05-21_15-56-47/greske_2920_kondenzacija-na-proizvodu.json","2549","04_OPERATION/server-reports/2026-05-24_16-56-15/files/root/drycured_error_pages_modern_fix_2026-05-21_15-56-47/greske_2920_kondenzacija-na-proizvodu.json"
"/root/drycured_error_pages_modern_fix_2026-05-21_15-56-47/greske_2921_nezeljena-plijesan.json","3108","04_OPERATION/server-reports/2026-05-24_16-56-15/files/root/drycured_error_pages_modern_fix_2026-05-21_15-56-47/greske_2921_nezeljena-plijesan.json"
"/root/drycured_error_pages_modern_fix_2026-05-21_15-56-47/greske_2922_gorcina-od-dima.json","2518","04_OPERATION/server-reports/2026-05-24_16-56-15/files/root/drycured_error_pages_modern_fix_2026-05-21_15-56-47/greske_2922_gorcina-od-dima.json"
"/root/drycured_error_pages_modern_fix_2026-05-21_15-56-47/greske_2923_uzeglost-masti.json","2514","04_OPERATION/server-reports/2026-05-24_16-56-15/files/root/drycured_error_pages_modern_fix_2026-05-21_15-56-47/greske_2923_uzeglost-masti.json"
"/root/drycured_error_pages_modern_fix_2026-05-21_15-56-47/greske_parent.json","765","04_OPERATION/server-reports/2026-05-24_16-56-15/files/root/drycured_error_pages_modern_fix_2026-05-21_15-56-47/greske_parent.json"
"/root/DRYCURED_GITHUB/01_PROJECT_CORE/DRYCURED_CHANGELOG.md","612","04_OPERATION/server-reports/2026-05-24_16-56-15/files/root/DRYCURED_GITHUB/01_PROJECT_CORE/DRYCURED_CHANGELOG.md"
"/root/DRYCURED_GITHUB/01_PROJECT_CORE/DRYCURED_MASTER_HANDOVER.md","0","04_OPERATION/server-reports/2026-05-24_16-56-15/files/root/DRYCURED_GITHUB/01_PROJECT_CORE/DRYCURED_MASTER_HANDOVER.md"
"/root/DRYCURED_GITHUB/01_PROJECT_CORE/DRYCURED_NEXT_STEP.md","849","04_OPERATION/server-reports/2026-05-24_16-56-15/files/root/DRYCURED_GITHUB/01_PROJECT_CORE/DRYCURED_NEXT_STEP.md"
"/root/DRYCURED_GITHUB/01_PROJECT_CORE/DRYCURED_SCOPE.md","0","04_OPERATION/server-reports/2026-05-24_16-56-15/files/root/DRYCURED_GITHUB/01_PROJECT_CORE/DRYCURED_SCOPE.md"
"/root/DRYCURED_GITHUB/01_PROJECT_CORE/DRYCURED_STATUS.md","1125","04_OPERATION/server-reports/2026-05-24_16-56-15/files/root/DRYCURED_GITHUB/01_PROJECT_CORE/DRYCURED_STATUS.md"
"/root/DRYCURED_GITHUB/04_OPERATION/BACKUP_NOTES.md","0","04_OPERATION/server-reports/2026-05-24_16-56-15/files/root/DRYCURED_GITHUB/04_OPERATION/BACKUP_NOTES.md"
"/root/DRYCURED_GITHUB/04_OPERATION/DEPLOY_NOTES.md","0","04_OPERATION/server-reports/2026-05-24_16-56-15/files/root/DRYCURED_GITHUB/04_OPERATION/DEPLOY_NOTES.md"
"/root/DRYCURED_GITHUB/04_OPERATION/DRYCURED_SWAB_INTEGRATION_AUDIT.md","0","04_OPERATION/server-reports/2026-05-24_16-56-15/files/root/DRYCURED_GITHUB/04_OPERATION/DRYCURED_SWAB_INTEGRATION_AUDIT.md"
"/root/DRYCURED_GITHUB/04_OPERATION/REPO_SYNC_RULES.md","0","04_OPERATION/server-reports/2026-05-24_16-56-15/files/root/DRYCURED_GITHUB/04_OPERATION/REPO_SYNC_RULES.md"
"/root/DRYCURED_GITHUB/04_OPERATION/RISK_LOG.md","0","04_OPERATION/server-reports/2026-05-24_16-56-15/files/root/DRYCURED_GITHUB/04_OPERATION/RISK_LOG.md"
"/root/DRYCURED_GITHUB/04_OPERATION/WORKFLOW_RULES.md","0","04_OPERATION/server-reports/2026-05-24_16-56-15/files/root/DRYCURED_GITHUB/04_OPERATION/WORKFLOW_RULES.md"
"/root/DRYCURED_GITHUB/README.md","809","04_OPERATION/server-reports/2026-05-24_16-56-15/files/root/DRYCURED_GITHUB/README.md"
"/root/DRYCURED_GITHUB/scraping_recepata/README.md","1036","04_OPERATION/server-reports/2026-05-24_16-56-15/files/root/DRYCURED_GITHUB/scraping_recepata/README.md"
"/root/drycured_greske_index_before_fix_2026-05-21_16-11-30/greske_parent_before.json","765","04_OPERATION/server-reports/2026-05-24_16-56-15/files/root/drycured_greske_index_before_fix_2026-05-21_16-11-30/greske_parent_before.json"
"/root/drycured_greske_index_redesign_2026-05-21_16-14-32/drycured-home-core-before/HOME_PROCESS_IMAGES.md","698","04_OPERATION/server-reports/2026-05-24_16-56-15/files/root/drycured_greske_index_redesign_2026-05-21_16-14-32/drycured-home-core-before/HOME_PROCESS_IMAGES.md"
"/root/drycured_greske_index_redesign_2026-05-21_16-14-32/drycured-home-core-before/README.md","657","04_OPERATION/server-reports/2026-05-24_16-56-15/files/root/drycured_greske_index_redesign_2026-05-21_16-14-32/drycured-home-core-before/README.md"
"/root/drycured_greske_index_redesign_2026-05-21_16-14-32/greske_before.json","8068","04_OPERATION/server-reports/2026-05-24_16-56-15/files/root/drycured_greske_index_redesign_2026-05-21_16-14-32/greske_before.json"
"/root/drycured_home_elementor_link_patch_2026-05-23_08-12-43/00_summary.txt","13","04_OPERATION/server-reports/2026-05-24_16-56-15/files/root/drycured_home_elementor_link_patch_2026-05-23_08-12-43/00_summary.txt"
"/root/drycured_home_elementor_link_patch_2026-05-23_08-12-43/01_patch_output.txt","24","04_OPERATION/server-reports/2026-05-24_16-56-15/files/root/drycured_home_elementor_link_patch_2026-05-23_08-12-43/01_patch_output.txt"
"/root/drycured_home_elementor_link_patch_2026-05-23_08-12-43/elementor_link_patch_report.tsv","43","04_OPERATION/server-reports/2026-05-24_16-56-15/files/root/drycured_home_elementor_link_patch_2026-05-23_08-12-43/elementor_link_patch_report.tsv"
"/root/drycured_home_elementor_link_patch_2026-05-23_08-12-43/home_elementor_after.json","35958","04_OPERATION/server-reports/2026-05-24_16-56-15/files/root/drycured_home_elementor_link_patch_2026-05-23_08-12-43/home_elementor_after.json"
"/root/drycured_home_elementor_link_patch_2026-05-23_08-12-43/home_elementor_after_live.json","35959","04_OPERATION/server-reports/2026-05-24_16-56-15/files/root/drycured_home_elementor_link_patch_2026-05-23_08-12-43/home_elementor_after_live.json"
"/root/drycured_home_elementor_link_patch_2026-05-23_08-12-43/home_elementor_before.json","36064","04_OPERATION/server-reports/2026-05-24_16-56-15/files/root/drycured_home_elementor_link_patch_2026-05-23_08-12-43/home_elementor_before.json"
"/root/drycured_home_elementor_link_patch_2026-05-23_08-23-26/00_summary.txt","13","04_OPERATION/server-reports/2026-05-24_16-56-15/files/root/drycured_home_elementor_link_patch_2026-05-23_08-23-26/00_summary.txt"
"/root/drycured_home_elementor_link_patch_2026-05-23_08-23-26/01_patch_output.txt","24","04_OPERATION/server-reports/2026-05-24_16-56-15/files/root/drycured_home_elementor_link_patch_2026-05-23_08-23-26/01_patch_output.txt"
"/root/drycured_home_elementor_link_patch_2026-05-23_08-23-26/elementor_link_patch_report.tsv","43","04_OPERATION/server-reports/2026-05-24_16-56-15/files/root/drycured_home_elementor_link_patch_2026-05-23_08-23-26/elementor_link_patch_report.tsv"
"/root/drycured_home_elementor_link_patch_2026-05-23_08-23-26/home_elementor_after.json","35958","04_OPERATION/server-reports/2026-05-24_16-56-15/files/root/drycured_home_elementor_link_patch_2026-05-23_08-23-26/home_elementor_after.json"
"/root/drycured_home_elementor_link_patch_2026-05-23_08-23-26/home_elementor_after_live.json","35959","04_OPERATION/server-reports/2026-05-24_16-56-15/files/root/drycured_home_elementor_link_patch_2026-05-23_08-23-26/home_elementor_after_live.json"
"/root/drycured_home_elementor_link_patch_2026-05-23_08-23-26/home_elementor_before.json","35959","04_OPERATION/server-reports/2026-05-24_16-56-15/files/root/drycured_home_elementor_link_patch_2026-05-23_08-23-26/home_elementor_before.json"
"/root/drycured_home_latest_unified_before_2026-05-22_06-16-02/drycured-home-core-before/HOME_PROCESS_IMAGES.md","698","04_OPERATION/server-reports/2026-05-24_16-56-15/files/root/drycured_home_latest_unified_before_2026-05-22_06-16-02/drycured-home-core-before/HOME_PROCESS_IMAGES.md"
"/root/drycured_home_latest_unified_before_2026-05-22_06-16-02/drycured-home-core-before/README.md","657","04_OPERATION/server-reports/2026-05-24_16-56-15/files/root/drycured_home_latest_unified_before_2026-05-22_06-16-02/drycured-home-core-before/README.md"
"/root/drycured_home_latest_unified_v047_before_2026-05-22_06-44-45/drycured-home-core-before/HOME_PROCESS_IMAGES.md","698","04_OPERATION/server-reports/2026-05-24_16-56-15/files/root/drycured_home_latest_unified_v047_before_2026-05-22_06-44-45/drycured-home-core-before/HOME_PROCESS_IMAGES.md"
"/root/drycured_home_latest_unified_v047_before_2026-05-22_06-44-45/drycured-home-core-before/README.md","657","04_OPERATION/server-reports/2026-05-24_16-56-15/files/root/drycured_home_latest_unified_v047_before_2026-05-22_06-44-45/drycured-home-core-before/README.md"
"/root/drycured_home_link_audit_2026-05-23_08-02-33/00_summary.txt","86","04_OPERATION/server-reports/2026-05-24_16-56-15/files/root/drycured_home_link_audit_2026-05-23_08-02-33/00_summary.txt"
"/root/drycured_home_link_audit_2026-05-23_08-02-33/01_audit_output.txt","1478","04_OPERATION/server-reports/2026-05-24_16-56-15/files/root/drycured_home_link_audit_2026-05-23_08-02-33/01_audit_output.txt"
"/root/drycured_home_link_audit_2026-05-23_08-02-33/02_url_status.tsv","700","04_OPERATION/server-reports/2026-05-24_16-56-15/files/root/drycured_home_link_audit_2026-05-23_08-02-33/02_url_status.tsv"
"/root/drycured_home_link_audit_2026-05-23_08-02-33/home_elementor_data.json","36064","04_OPERATION/server-reports/2026-05-24_16-56-15/files/root/drycured_home_link_audit_2026-05-23_08-02-33/home_elementor_data.json"
"/root/drycured_home_link_patch_2026-05-23_08-05-59/00_summary.txt","13","04_OPERATION/server-reports/2026-05-24_16-56-15/files/root/drycured_home_link_patch_2026-05-23_08-05-59/00_summary.txt"
"/root/drycured_home_link_patch_2026-05-23_08-05-59/01_patch_output.txt","1604","04_OPERATION/server-reports/2026-05-24_16-56-15/files/root/drycured_home_link_patch_2026-05-23_08-05-59/01_patch_output.txt"
"/root/drycured_home_link_patch_2026-05-23_08-05-59/home_elementor_data_before.json","36064","04_OPERATION/server-reports/2026-05-24_16-56-15/files/root/drycured_home_link_patch_2026-05-23_08-05-59/home_elementor_data_before.json"
"/root/drycured_home_link_patch_2026-05-23_08-05-59/home_link_patch_report.tsv","1551","04_OPERATION/server-reports/2026-05-24_16-56-15/files/root/drycured_home_link_patch_2026-05-23_08-05-59/home_link_patch_report.tsv"
"/root/drycured_home_process_rail_FINAL_2026-05-20_19-35-14/curl_alati.txt","487","04_OPERATION/server-reports/2026-05-24_16-56-15/files/root/drycured_home_process_rail_FINAL_2026-05-20_19-35-14/curl_alati.txt"
"/root/drycured_home_process_rail_FINAL_2026-05-20_19-35-14/curl_home.txt","479","04_OPERATION/server-reports/2026-05-24_16-56-15/files/root/drycured_home_process_rail_FINAL_2026-05-20_19-35-14/curl_home.txt"
"/root/drycured_home_process_rail_FINAL_2026-05-20_19-35-14/curl_recepti.txt","485","04_OPERATION/server-reports/2026-05-24_16-56-15/files/root/drycured_home_process_rail_FINAL_2026-05-20_19-35-14/curl_recepti.txt"
"/root/drycured_home_process_rail_FINAL_2026-05-20_19-35-14/front_rail_enabled.txt","2","04_OPERATION/server-reports/2026-05-24_16-56-15/files/root/drycured_home_process_rail_FINAL_2026-05-20_19-35-14/front_rail_enabled.txt"
"/root/drycured_home_process_rail_FINAL_2026-05-20_19-35-14/home_elementor_data.json","36064","04_OPERATION/server-reports/2026-05-24_16-56-15/files/root/drycured_home_process_rail_FINAL_2026-05-20_19-35-14/home_elementor_data.json"
"/root/drycured_home_process_rail_FINAL_2026-05-20_19-35-14/home_post.json","10893","04_OPERATION/server-reports/2026-05-24_16-56-15/files/root/drycured_home_process_rail_FINAL_2026-05-20_19-35-14/home_post.json"
"/root/drycured_home_process_rail_FINAL_2026-05-20_19-35-14/home_process_rail_presence.txt","64","04_OPERATION/server-reports/2026-05-24_16-56-15/files/root/drycured_home_process_rail_FINAL_2026-05-20_19-35-14/home_process_rail_presence.txt"
"/root/drycured_home_replace_kalkulator_with_error_2026-05-22_05-28-07/drycured-home-core-before/HOME_PROCESS_IMAGES.md","698","04_OPERATION/server-reports/2026-05-24_16-56-15/files/root/drycured_home_replace_kalkulator_with_error_2026-05-22_05-28-07/drycured-home-core-before/HOME_PROCESS_IMAGES.md"
"/root/drycured_home_replace_kalkulator_with_error_2026-05-22_05-28-07/drycured-home-core-before/README.md","657","04_OPERATION/server-reports/2026-05-24_16-56-15/files/root/drycured_home_replace_kalkulator_with_error_2026-05-22_05-28-07/drycured-home-core-before/README.md"
"/root/drycured_home_replace_kalkulator_with_error_2026-05-22_05-28-07/home_before.json","10893","04_OPERATION/server-reports/2026-05-24_16-56-15/files/root/drycured_home_replace_kalkulator_with_error_2026-05-22_05-28-07/home_before.json"
"/root/drycured_home_replace_kalkulator_with_error_2026-05-22_05-28-07/home_elementor_before.json","36064","04_OPERATION/server-reports/2026-05-24_16-56-15/files/root/drycured_home_replace_kalkulator_with_error_2026-05-22_05-28-07/home_elementor_before.json"
"/root/drycured_pre_home_refactor_2026-05-20_17-00-02/curl_alati_headers_before.txt","487","04_OPERATION/server-reports/2026-05-24_16-56-15/files/root/drycured_pre_home_refactor_2026-05-20_17-00-02/curl_alati_headers_before.txt"
"/root/drycured_pre_home_refactor_2026-05-20_17-00-02/curl_home_headers_before.txt","479","04_OPERATION/server-reports/2026-05-24_16-56-15/files/root/drycured_pre_home_refactor_2026-05-20_17-00-02/curl_home_headers_before.txt"
"/root/drycured_pre_home_refactor_2026-05-20_17-00-02/curl_recepti_headers_before.txt","485","04_OPERATION/server-reports/2026-05-24_16-56-15/files/root/drycured_pre_home_refactor_2026-05-20_17-00-02/curl_recepti_headers_before.txt"
"/root/drycured_pre_home_refactor_2026-05-20_17-00-02/home_101_elementor_data_before.json","36064","04_OPERATION/server-reports/2026-05-24_16-56-15/files/root/drycured_pre_home_refactor_2026-05-20_17-00-02/home_101_elementor_data_before.json"
"/root/drycured_pre_home_refactor_2026-05-20_17-00-02/home_post_101_before.json","10893","04_OPERATION/server-reports/2026-05-24_16-56-15/files/root/drycured_pre_home_refactor_2026-05-20_17-00-02/home_post_101_before.json"
"/root/drycured_pre_home_refactor_2026-05-20_17-00-02/plugins_before.txt","1876","04_OPERATION/server-reports/2026-05-24_16-56-15/files/root/drycured_pre_home_refactor_2026-05-20_17-00-02/plugins_before.txt"
"/root/drycured_pre_home_refactor_2026-05-20_17-00-02/themes_before.txt","167","04_OPERATION/server-reports/2026-05-24_16-56-15/files/root/drycured_pre_home_refactor_2026-05-20_17-00-02/themes_before.txt"
"/root/drycured_process_phase_pages_before_expand_2026-05-21_13-59-38/page_2866_sirovina.json","2589","04_OPERATION/server-reports/2026-05-24_16-56-15/files/root/drycured_process_phase_pages_before_expand_2026-05-21_13-59-38/page_2866_sirovina.json"
"/root/drycured_process_phase_pages_before_expand_2026-05-21_13-59-38/page_2867_soljenje.json","2454","04_OPERATION/server-reports/2026-05-24_16-56-15/files/root/drycured_process_phase_pages_before_expand_2026-05-21_13-59-38/page_2867_soljenje.json"
"/root/drycured_process_phase_pages_before_expand_2026-05-21_13-59-38/page_2868_rezanje.json","2341","04_OPERATION/server-reports/2026-05-24_16-56-15/files/root/drycured_process_phase_pages_before_expand_2026-05-21_13-59-38/page_2868_rezanje.json"
"/root/drycured_process_phase_pages_before_expand_2026-05-21_13-59-38/page_2869_mljevenje.json","2344","04_OPERATION/server-reports/2026-05-24_16-56-15/files/root/drycured_process_phase_pages_before_expand_2026-05-21_13-59-38/page_2869_mljevenje.json"
"/root/drycured_process_phase_pages_before_expand_2026-05-21_13-59-38/page_2870_mijesanje.json","2262","04_OPERATION/server-reports/2026-05-24_16-56-15/files/root/drycured_process_phase_pages_before_expand_2026-05-21_13-59-38/page_2870_mijesanje.json"
"/root/drycured_process_phase_pages_before_expand_2026-05-21_13-59-38/page_2871_odlezavanje-smjese.json","2369","04_OPERATION/server-reports/2026-05-24_16-56-15/files/root/drycured_process_phase_pages_before_expand_2026-05-21_13-59-38/page_2871_odlezavanje-smjese.json"
"/root/drycured_process_phase_pages_before_expand_2026-05-21_13-59-38/page_2872_punjenje.json","2246","04_OPERATION/server-reports/2026-05-24_16-56-15/files/root/drycured_process_phase_pages_before_expand_2026-05-21_13-59-38/page_2872_punjenje.json"
"/root/drycured_process_phase_pages_before_expand_2026-05-21_13-59-38/page_2873_fermentacija.json","2210","04_OPERATION/server-reports/2026-05-24_16-56-15/files/root/drycured_process_phase_pages_before_expand_2026-05-21_13-59-38/page_2873_fermentacija.json"
"/root/drycured_process_phase_pages_before_expand_2026-05-21_13-59-38/page_2874_dimljenje.json","2215","04_OPERATION/server-reports/2026-05-24_16-56-15/files/root/drycured_process_phase_pages_before_expand_2026-05-21_13-59-38/page_2874_dimljenje.json"
"/root/drycured_process_phase_pages_before_expand_2026-05-21_13-59-38/page_2875_susenje.json","2213","04_OPERATION/server-reports/2026-05-24_16-56-15/files/root/drycured_process_phase_pages_before_expand_2026-05-21_13-59-38/page_2875_susenje.json"
"/root/drycured_process_phase_pages_before_expand_2026-05-21_13-59-38/page_2876_zrenje.json","2174","04_OPERATION/server-reports/2026-05-24_16-56-15/files/root/drycured_process_phase_pages_before_expand_2026-05-21_13-59-38/page_2876_zrenje.json"
"/root/drycured_process_phase_pages_before_expand_2026-05-21_13-59-38/page_2877_pakiranje.json","2298","04_OPERATION/server-reports/2026-05-24_16-56-15/files/root/drycured_process_phase_pages_before_expand_2026-05-21_13-59-38/page_2877_pakiranje.json"
"/root/drycured_process_phase_pages_before_expand_2026-05-21_13-59-38/process_phase_pages_list.csv","441","04_OPERATION/server-reports/2026-05-24_16-56-15/files/root/drycured_process_phase_pages_before_expand_2026-05-21_13-59-38/process_phase_pages_list.csv"
"/root/drycured_process_phase_titles_before_fix_2026-05-21_14-10-40/page_2866_sirovina.json","4157","04_OPERATION/server-reports/2026-05-24_16-56-15/files/root/drycured_process_phase_titles_before_fix_2026-05-21_14-10-40/page_2866_sirovina.json"
"/root/drycured_process_phase_titles_before_fix_2026-05-21_14-10-40/page_2867_soljenje.json","3855","04_OPERATION/server-reports/2026-05-24_16-56-15/files/root/drycured_process_phase_titles_before_fix_2026-05-21_14-10-40/page_2867_soljenje.json"
"/root/drycured_process_phase_titles_before_fix_2026-05-21_14-10-40/page_2868_rezanje.json","3643","04_OPERATION/server-reports/2026-05-24_16-56-15/files/root/drycured_process_phase_titles_before_fix_2026-05-21_14-10-40/page_2868_rezanje.json"
"/root/drycured_process_phase_titles_before_fix_2026-05-21_14-10-40/page_2869_mljevenje.json","3499","04_OPERATION/server-reports/2026-05-24_16-56-15/files/root/drycured_process_phase_titles_before_fix_2026-05-21_14-10-40/page_2869_mljevenje.json"
"/root/drycured_process_phase_titles_before_fix_2026-05-21_14-10-40/page_2870_mijesanje.json","3595","04_OPERATION/server-reports/2026-05-24_16-56-15/files/root/drycured_process_phase_titles_before_fix_2026-05-21_14-10-40/page_2870_mijesanje.json"
"/root/drycured_process_phase_titles_before_fix_2026-05-21_14-10-40/page_2871_odlezavanje-smjese.json","3676","04_OPERATION/server-reports/2026-05-24_16-56-15/files/root/drycured_process_phase_titles_before_fix_2026-05-21_14-10-40/page_2871_odlezavanje-smjese.json"
"/root/drycured_process_phase_titles_before_fix_2026-05-21_14-10-40/page_2872_punjenje.json","3474","04_OPERATION/server-reports/2026-05-24_16-56-15/files/root/drycured_process_phase_titles_before_fix_2026-05-21_14-10-40/page_2872_punjenje.json"
"/root/drycured_process_phase_titles_before_fix_2026-05-21_14-10-40/page_2873_fermentacija.json","3450","04_OPERATION/server-reports/2026-05-24_16-56-15/files/root/drycured_process_phase_titles_before_fix_2026-05-21_14-10-40/page_2873_fermentacija.json"
"/root/drycured_process_phase_titles_before_fix_2026-05-21_14-10-40/page_2874_dimljenje.json","3310","04_OPERATION/server-reports/2026-05-24_16-56-15/files/root/drycured_process_phase_titles_before_fix_2026-05-21_14-10-40/page_2874_dimljenje.json"
"/root/drycured_process_phase_titles_before_fix_2026-05-21_14-10-40/page_2875_susenje.json","3382","04_OPERATION/server-reports/2026-05-24_16-56-15/files/root/drycured_process_phase_titles_before_fix_2026-05-21_14-10-40/page_2875_susenje.json"
"/root/drycured_process_phase_titles_before_fix_2026-05-21_14-10-40/page_2876_zrenje.json","3348","04_OPERATION/server-reports/2026-05-24_16-56-15/files/root/drycured_process_phase_titles_before_fix_2026-05-21_14-10-40/page_2876_zrenje.json"
"/root/drycured_process_phase_titles_before_fix_2026-05-21_14-10-40/page_2877_pakiranje.json","3655","04_OPERATION/server-reports/2026-05-24_16-56-15/files/root/drycured_process_phase_titles_before_fix_2026-05-21_14-10-40/page_2877_pakiranje.json"
"/root/drycured_process_phase_titles_before_fix_2026-05-21_14-10-40/process_phase_pages.csv","441","04_OPERATION/server-reports/2026-05-24_16-56-15/files/root/drycured_process_phase_titles_before_fix_2026-05-21_14-10-40/process_phase_pages.csv"
"/root/drycured_process_phase_titles_REAL_FIX_2026-05-21_14-20-44/page_2866_sirovina.json","4139","04_OPERATION/server-reports/2026-05-24_16-56-15/files/root/drycured_process_phase_titles_REAL_FIX_2026-05-21_14-20-44/page_2866_sirovina.json"
"/root/drycured_process_phase_titles_REAL_FIX_2026-05-21_14-20-44/page_2867_soljenje.json","3837","04_OPERATION/server-reports/2026-05-24_16-56-15/files/root/drycured_process_phase_titles_REAL_FIX_2026-05-21_14-20-44/page_2867_soljenje.json"
"/root/drycured_process_phase_titles_REAL_FIX_2026-05-21_14-20-44/page_2868_rezanje.json","3626","04_OPERATION/server-reports/2026-05-24_16-56-15/files/root/drycured_process_phase_titles_REAL_FIX_2026-05-21_14-20-44/page_2868_rezanje.json"
"/root/drycured_process_phase_titles_REAL_FIX_2026-05-21_14-20-44/page_2869_mljevenje.json","3480","04_OPERATION/server-reports/2026-05-24_16-56-15/files/root/drycured_process_phase_titles_REAL_FIX_2026-05-21_14-20-44/page_2869_mljevenje.json"
"/root/drycured_process_phase_titles_REAL_FIX_2026-05-21_14-20-44/page_2870_mijesanje.json","3571","04_OPERATION/server-reports/2026-05-24_16-56-15/files/root/drycured_process_phase_titles_REAL_FIX_2026-05-21_14-20-44/page_2870_mijesanje.json"
"/root/drycured_process_phase_titles_REAL_FIX_2026-05-21_14-20-44/page_2871_odlezavanje-smjese.json","3643","04_OPERATION/server-reports/2026-05-24_16-56-15/files/root/drycured_process_phase_titles_REAL_FIX_2026-05-21_14-20-44/page_2871_odlezavanje-smjese.json"
"/root/drycured_process_phase_titles_REAL_FIX_2026-05-21_14-20-44/page_2872_punjenje.json","3456","04_OPERATION/server-reports/2026-05-24_16-56-15/files/root/drycured_process_phase_titles_REAL_FIX_2026-05-21_14-20-44/page_2872_punjenje.json"
"/root/drycured_process_phase_titles_REAL_FIX_2026-05-21_14-20-44/page_2873_fermentacija.json","3428","04_OPERATION/server-reports/2026-05-24_16-56-15/files/root/drycured_process_phase_titles_REAL_FIX_2026-05-21_14-20-44/page_2873_fermentacija.json"
"/root/drycured_process_phase_titles_REAL_FIX_2026-05-21_14-20-44/page_2874_dimljenje.json","3291","04_OPERATION/server-reports/2026-05-24_16-56-15/files/root/drycured_process_phase_titles_REAL_FIX_2026-05-21_14-20-44/page_2874_dimljenje.json"
"/root/drycured_process_phase_titles_REAL_FIX_2026-05-21_14-20-44/page_2875_susenje.json","3360","04_OPERATION/server-reports/2026-05-24_16-56-15/files/root/drycured_process_phase_titles_REAL_FIX_2026-05-21_14-20-44/page_2875_susenje.json"
"/root/drycured_process_phase_titles_REAL_FIX_2026-05-21_14-20-44/page_2876_zrenje.json","3332","04_OPERATION/server-reports/2026-05-24_16-56-15/files/root/drycured_process_phase_titles_REAL_FIX_2026-05-21_14-20-44/page_2876_zrenje.json"
"/root/drycured_process_phase_titles_REAL_FIX_2026-05-21_14-20-44/page_2877_pakiranje.json","3636","04_OPERATION/server-reports/2026-05-24_16-56-15/files/root/drycured_process_phase_titles_REAL_FIX_2026-05-21_14-20-44/page_2877_pakiranje.json"
"/root/drycured_process_phase_titles_REAL_FIX_2026-05-21_14-20-44/parent_proces_izrade.json","914","04_OPERATION/server-reports/2026-05-24_16-56-15/files/root/drycured_process_phase_titles_REAL_FIX_2026-05-21_14-20-44/parent_proces_izrade.json"
"/root/drycured_start_here_FORCE_v068_before_2026-05-24_06-51-09/drycured-home-core-before/HOME_PROCESS_IMAGES.md","698","04_OPERATION/server-reports/2026-05-24_16-56-15/files/root/drycured_start_here_FORCE_v068_before_2026-05-24_06-51-09/drycured-home-core-before/HOME_PROCESS_IMAGES.md"
"/root/drycured_start_here_FORCE_v068_before_2026-05-24_06-51-09/drycured-home-core-before/README.md","657","04_OPERATION/server-reports/2026-05-24_16-56-15/files/root/drycured_start_here_FORCE_v068_before_2026-05-24_06-51-09/drycured-home-core-before/README.md"
"/root/drycured_start_here_images_v065_before_2026-05-24_06-36-32/drycured-home-core-before/HOME_PROCESS_IMAGES.md","698","04_OPERATION/server-reports/2026-05-24_16-56-15/files/root/drycured_start_here_images_v065_before_2026-05-24_06-36-32/drycured-home-core-before/HOME_PROCESS_IMAGES.md"
"/root/drycured_start_here_images_v065_before_2026-05-24_06-36-32/drycured-home-core-before/README.md","657","04_OPERATION/server-reports/2026-05-24_16-56-15/files/root/drycured_start_here_images_v065_before_2026-05-24_06-36-32/drycured-home-core-before/README.md"
"/root/drycured_start_here_real_images_v069_before_2026-05-24_06-54-24/drycured-home-core-before/HOME_PROCESS_IMAGES.md","698","04_OPERATION/server-reports/2026-05-24_16-56-15/files/root/drycured_start_here_real_images_v069_before_2026-05-24_06-54-24/drycured-home-core-before/HOME_PROCESS_IMAGES.md"
"/root/drycured_start_here_real_images_v069_before_2026-05-24_06-54-24/drycured-home-core-before/README.md","657","04_OPERATION/server-reports/2026-05-24_16-56-15/files/root/drycured_start_here_real_images_v069_before_2026-05-24_06-54-24/drycured-home-core-before/README.md"
"/root/drycured_start_here_unique_images_v066_before_2026-05-24_06-43-54/drycured-home-core-before/HOME_PROCESS_IMAGES.md","698","04_OPERATION/server-reports/2026-05-24_16-56-15/files/root/drycured_start_here_unique_images_v066_before_2026-05-24_06-43-54/drycured-home-core-before/HOME_PROCESS_IMAGES.md"
"/root/drycured_start_here_unique_images_v066_before_2026-05-24_06-43-54/drycured-home-core-before/README.md","657","04_OPERATION/server-reports/2026-05-24_16-56-15/files/root/drycured_start_here_unique_images_v066_before_2026-05-24_06-43-54/drycured-home-core-before/README.md"
"/root/drycured_start_here_unique_svg_v067_before_2026-05-24_06-46-08/drycured-home-core-before/HOME_PROCESS_IMAGES.md","698","04_OPERATION/server-reports/2026-05-24_16-56-15/files/root/drycured_start_here_unique_svg_v067_before_2026-05-24_06-46-08/drycured-home-core-before/HOME_PROCESS_IMAGES.md"
"/root/drycured_start_here_unique_svg_v067_before_2026-05-24_06-46-08/drycured-home-core-before/README.md","657","04_OPERATION/server-reports/2026-05-24_16-56-15/files/root/drycured_start_here_unique_svg_v067_before_2026-05-24_06-46-08/drycured-home-core-before/README.md"
"/root/drycured_start_here_v064_before_2026-05-24_06-13-17/drycured-home-core-before/HOME_PROCESS_IMAGES.md","698","04_OPERATION/server-reports/2026-05-24_16-56-15/files/root/drycured_start_here_v064_before_2026-05-24_06-13-17/drycured-home-core-before/HOME_PROCESS_IMAGES.md"
"/root/drycured_start_here_v064_before_2026-05-24_06-13-17/drycured-home-core-before/README.md","657","04_OPERATION/server-reports/2026-05-24_16-56-15/files/root/drycured_start_here_v064_before_2026-05-24_06-13-17/drycured-home-core-before/README.md"
"/root/drycured_tools_force_render_v061_before_2026-05-23_10-24-27/drycured-home-core-before/HOME_PROCESS_IMAGES.md","698","04_OPERATION/server-reports/2026-05-24_16-56-15/files/root/drycured_tools_force_render_v061_before_2026-05-23_10-24-27/drycured-home-core-before/HOME_PROCESS_IMAGES.md"
"/root/drycured_tools_force_render_v061_before_2026-05-23_10-24-27/drycured-home-core-before/README.md","657","04_OPERATION/server-reports/2026-05-24_16-56-15/files/root/drycured_tools_force_render_v061_before_2026-05-23_10-24-27/drycured-home-core-before/README.md"
"/root/drycured_tools_hub_v060_before_2026-05-23_10-21-45/drycured-home-core-before/HOME_PROCESS_IMAGES.md","698","04_OPERATION/server-reports/2026-05-24_16-56-15/files/root/drycured_tools_hub_v060_before_2026-05-23_10-21-45/drycured-home-core-before/HOME_PROCESS_IMAGES.md"
"/root/drycured_tools_hub_v060_before_2026-05-23_10-21-45/drycured-home-core-before/README.md","657","04_OPERATION/server-reports/2026-05-24_16-56-15/files/root/drycured_tools_hub_v060_before_2026-05-23_10-21-45/drycured-home-core-before/README.md"
"/root/drycured-v2-reports/drycured-v2-do-not-touch-and-cleanup-plan-20260516-102222.txt","1369","04_OPERATION/server-reports/2026-05-24_16-56-15/files/root/drycured-v2-reports/drycured-v2-do-not-touch-and-cleanup-plan-20260516-102222.txt"
"/root/drycured-v2-reports/drycured-v2-ez-audience-cards-report-20260517-191751.txt","1165","04_OPERATION/server-reports/2026-05-24_16-56-15/files/root/drycured-v2-reports/drycured-v2-ez-audience-cards-report-20260517-191751.txt"
"/root/drycured-v2-reports/drycured-v2-ez-pack05-pack06-audience-tagging-report-20260518-153827.txt","2775","04_OPERATION/server-reports/2026-05-24_16-56-15/files/root/drycured-v2-reports/drycured-v2-ez-pack05-pack06-audience-tagging-report-20260518-153827.txt"
"/root/drycured-v2-reports/drycured-v2-homepage-placeholder-cleanup-report-20260517-173506.txt","1997","04_OPERATION/server-reports/2026-05-24_16-56-15/files/root/drycured-v2-reports/drycured-v2-homepage-placeholder-cleanup-report-20260517-173506.txt"
"/root/drycured-v2-reports/drycured-v2-homepage-placeholder-redirect-report-20260517-174715.txt","937","04_OPERATION/server-reports/2026-05-24_16-56-15/files/root/drycured-v2-reports/drycured-v2-homepage-placeholder-redirect-report-20260517-174715.txt"
"/root/drycured-v2-reports/drycured-v2-infografike-seo-sitemap-report-20260517-165401.txt","1775","04_OPERATION/server-reports/2026-05-24_16-56-15/files/root/drycured-v2-reports/drycured-v2-infografike-seo-sitemap-report-20260517-165401.txt"
"/root/drycured-v2-reports/drycured-v2-stabilization-report-20260516-100705.txt","30549","04_OPERATION/server-reports/2026-05-24_16-56-15/files/root/drycured-v2-reports/drycured-v2-stabilization-report-20260516-100705.txt"
"/root/drycured-v2-reports/drycured-v2-ui-seo-polish-report-20260517-163311.txt","1771","04_OPERATION/server-reports/2026-05-24_16-56-15/files/root/drycured-v2-reports/drycured-v2-ui-seo-polish-report-20260517-163311.txt"
"/root/drycured-v2-reports/enciklopedija-znanja-before-audience-tagging-20260517-190620.txt","7839","04_OPERATION/server-reports/2026-05-24_16-56-15/files/root/drycured-v2-reports/enciklopedija-znanja-before-audience-tagging-20260517-190620.txt"
"/root/drycured-v2-reports/enciklopedija-znanja-before-audience-tagging-v2-20260518-153539.txt","11409","04_OPERATION/server-reports/2026-05-24_16-56-15/files/root/drycured-v2-reports/enciklopedija-znanja-before-audience-tagging-v2-20260518-153539.txt"
"/root/drycured-v2-reports/enciklopedija-znanja-before-import-pack01-20260517-182626.txt","5007","04_OPERATION/server-reports/2026-05-24_16-56-15/files/root/drycured-v2-reports/enciklopedija-znanja-before-import-pack01-20260517-182626.txt"
"/root/drycured-v2-reports/enciklopedija-znanja-before-import-pack02-20260517-183554.txt","5667","04_OPERATION/server-reports/2026-05-24_16-56-15/files/root/drycured-v2-reports/enciklopedija-znanja-before-import-pack02-20260517-183554.txt"
"/root/drycured-v2-reports/enciklopedija-znanja-before-import-pack03-20260517-184026.txt","6330","04_OPERATION/server-reports/2026-05-24_16-56-15/files/root/drycured-v2-reports/enciklopedija-znanja-before-import-pack03-20260517-184026.txt"
"/root/drycured-v2-reports/enciklopedija-znanja-before-import-pack04-20260517-185251.txt","6988","04_OPERATION/server-reports/2026-05-24_16-56-15/files/root/drycured-v2-reports/enciklopedija-znanja-before-import-pack04-20260517-185251.txt"
"/root/drycured-v2-reports/enciklopedija-znanja-before-import-pack05-20260518-152208.txt","7704","04_OPERATION/server-reports/2026-05-24_16-56-15/files/root/drycured-v2-reports/enciklopedija-znanja-before-import-pack05-20260518-152208.txt"
"/root/drycured-v2-reports/enciklopedija-znanja-before-import-pack06-20260518-153303.txt","8361","04_OPERATION/server-reports/2026-05-24_16-56-15/files/root/drycured-v2-reports/enciklopedija-znanja-before-import-pack06-20260518-153303.txt"
"/root/drycured-v2-reports/home-placeholder-posts-before-fix-20260517-172133.txt","3966","04_OPERATION/server-reports/2026-05-24_16-56-15/files/root/drycured-v2-reports/home-placeholder-posts-before-fix-20260517-172133.txt"
"/root/drycured-v2-reports/home-placeholder-thumbnails-before-remove-20260517-172554.txt","298","04_OPERATION/server-reports/2026-05-24_16-56-15/files/root/drycured-v2-reports/home-placeholder-thumbnails-before-remove-20260517-172554.txt"
"/root/drycured-v2-reports/infografika-1650-before-fix-20260517-164855.txt","148","04_OPERATION/server-reports/2026-05-24_16-56-15/files/root/drycured-v2-reports/infografika-1650-before-fix-20260517-164855.txt"
"/root/drycured-v2-reports/page-274-my-account-before-fix-20260517-161213.txt","131","04_OPERATION/server-reports/2026-05-24_16-56-15/files/root/drycured-v2-reports/page-274-my-account-before-fix-20260517-161213.txt"
"/root/slavonija_setup/setup_log.txt","1379","04_OPERATION/server-reports/2026-05-24_16-56-15/files/root/slavonija_setup/setup_log.txt"
"/root/slavonija_setup/slavonija_all_4_recipes.json","30780","04_OPERATION/server-reports/2026-05-24_16-56-15/files/root/slavonija_setup/slavonija_all_4_recipes.json"
"/var/www/html/wp-content/uploads/drycured/atlas/atlas_manifest_web.csv","7647","04_OPERATION/server-reports/2026-05-24_16-56-15/files/var/www/html/wp-content/uploads/drycured/atlas/atlas_manifest_web.csv"
"/var/www/html/wp-content/uploads/drycured/atlas_backup_2026-05-24_13-53-57/atlas_manifest_web.csv","6510","04_OPERATION/server-reports/2026-05-24_16-56-15/files/var/www/html/wp-content/uploads/drycured/atlas_backup_2026-05-24_13-53-57/atlas_manifest_web.csv"
"/var/www/html/wp-content/uploads/drycured/infografike-greske-staging/2026-05-21/manifest_infografike.tsv","18482","04_OPERATION/server-reports/2026-05-24_16-56-15/files/var/www/html/wp-content/uploads/drycured/infografike-greske-staging/2026-05-21/manifest_infografike.tsv"
"/var/www/html/wp-content/uploads/drycured/infografike-greske-staging/2026-05-21/_rejected_crossed/Drycured_INF_PACK_01_greske_rjesenja/Drycured_INF_PACK_01_greske_rjesenja/README.txt","696","04_OPERATION/server-reports/2026-05-24_16-56-15/files/var/www/html/wp-content/uploads/drycured/infografike-greske-staging/2026-05-21/_rejected_crossed/Drycured_INF_PACK_01_greske_rjesenja/Drycured_INF_PACK_01_greske_rjesenja/README.txt"
"/var/www/html/wp-content/uploads/drycured/infografike-greske-staging/2026-05-21/_rejected_crossed/Drycured_p13_i01_case_hardening/04_manifest/manifest_p13_i01.json","487","04_OPERATION/server-reports/2026-05-24_16-56-15/files/var/www/html/wp-content/uploads/drycured/infografike-greske-staging/2026-05-21/_rejected_crossed/Drycured_p13_i01_case_hardening/04_manifest/manifest_p13_i01.json"
"/var/www/html/wp-content/uploads/drycured/infografike-greske-staging/2026-05-21/_rejected_crossed/Drycured_p13_i01_case_hardening/README.txt","510","04_OPERATION/server-reports/2026-05-24_16-56-15/files/var/www/html/wp-content/uploads/drycured/infografike-greske-staging/2026-05-21/_rejected_crossed/Drycured_p13_i01_case_hardening/README.txt"
"/var/www/html/wp-content/uploads/drycured/infografike-greske-web/manifest_numbered.tsv","23326","04_OPERATION/server-reports/2026-05-24_16-56-15/files/var/www/html/wp-content/uploads/drycured/infografike-greske-web/manifest_numbered.tsv"
"/var/www/html/wp-content/uploads/drycured/infografike-greske-web/manifest_web_infografike.tsv","26821","04_OPERATION/server-reports/2026-05-24_16-56-15/files/var/www/html/wp-content/uploads/drycured/infografike-greske-web/manifest_web_infografike.tsv"
"/var/www/html/wp-content/uploads/drycured/mail/mail-errors.log","2706","04_OPERATION/server-reports/2026-05-24_16-56-15/files/var/www/html/wp-content/uploads/drycured/mail/mail-errors.log"
